alpha,beta_logM,sigma
0.7010141404654149,-0.27751707123091135,0.3272699316197087
0.6244940398537362,-0.2696674422189154,0.34541367996645905
0.6459765038906145,-0.26641944582752586,0.34061368735888303
0.5795020239064335,-0.25241539241995803,0.3321614651855086
0.7818930982589299,-0.30235749053272204,0.3293673007156703
0.6986282410211142,-0.29396467698698747,0.34365427229194295
0.8757871190249952,-0.32424794577587546,0.3432226260985441
0.7515563551356209,-0.2951962256621802,0.33177131114686426
0.6955130287742951,-0.28468952675002157,0.36367696309407627
0.7588858532948146,-0.2944114368135568,0.3229558702400966
0.7416790346822174,-0.29239438236516563,0.3286711813975951
0.6651128399406048,-0.27777916146053505,0.3094887126044277
0.6362877869130621,-0.2659590654918287,0.32798146190594407
0.6981533758264966,-0.2928882163441339,0.3282175783118897
0.7306351252562162,-0.2857247439429035,0.3442769596015657
0.7141609036852523,-0.29382647258229266,0.3383389017950742
0.6634864278677427,-0.27393036757299943,0.33080354272422535
0.6055909596016171,-0.2610008416218109,0.32995090861781784
0.651900139237274,-0.2784978146844013,0.3500712385671413
0.6451708409433458,-0.27108079313056965,0.3297103635764044
0.6728319175113096,-0.27884384605382767,0.31086679329863814
0.7021357677644062,-0.27732577557910465,0.3483155914598668
0.7407349428640019,-0.2957612745111905,0.31954072026590113
0.7145843450113218,-0.28934902389541034,0.32180246561167725
0.8022591441338052,-0.30251323090137,0.3406048521918299
0.7498710200847961,-0.2971312768623443,0.3289107759681311
0.6265971325236545,-0.25473511669133714,0.3701628988308079
0.6289196294416226,-0.2622777816071073,0.3316973932958013
0.5774814006874519,-0.25294591922119325,0.3274386640640001
0.6837017215621964,-0.2795651699064637,0.3263686035703759
0.6307233887720511,-0.26939539000964696,0.3183872215317099
0.6860275142970869,-0.26952782725808155,0.3381365279134619
0.7010454501697375,-0.29212018905944925,0.3279504183320877
0.6622785389040292,-0.2752395779081435,0.3497941108871707
0.7150385424317561,-0.29096864468170547,0.31889809726030494
0.7023097037023117,-0.28092075144703266,0.32105195321891566
0.6506810967967507,-0.276988894866495,0.3456739028197051
0.6698216151073142,-0.2776420907226995,0.3357706786180005
0.6993038579340146,-0.2856126891095157,0.3545109690290015
0.7464486361783552,-0.29481080447724994,0.33833107825928094
0.6561656179564889,-0.2695603023591283,0.34083972210110924
0.6632699625952886,-0.2781722344082636,0.35494149377566925
0.615455447742624,-0.26540488791538464,0.32660173241486273
0.6550054315864303,-0.2643170557896502,0.3321953522895736
0.7595610647965213,-0.29970664416667236,0.3441397030425993
0.6915984018298235,-0.2844604884104696,0.31991235015818054
0.7191229275754049,-0.28354230702703626,0.3191929510308098
0.65887015822022,-0.2724980866054517,0.34479197919616306
0.8634730784972464,-0.3303469766346944,0.36459179773959666
0.8093788935673264,-0.3219995164501192,0.3275413399542158
0.5993420891335449,-0.25798438316886546,0.37113124996410907
0.5634978094527678,-0.24524295135196508,0.35207433031452967
0.7309811429910245,-0.2943988942431842,0.34723361542644854
0.7281440335433724,-0.29475704423317045,0.33678376938596427
0.7439207858190509,-0.29249631951963345,0.3278474088769514
0.7174502306323215,-0.2810688511315213,0.37524907212358977
0.6355415013064882,-0.25748140153518084,0.35125302003935605
0.6075474731227438,-0.2608027198802518,0.3314091262696773
0.6391816863052917,-0.2651720758163981,0.34777528334628915
0.6648227083848568,-0.26930475501890444,0.3325004752242184
0.7477803021166013,-0.3002002093262867,0.3359687187197271
0.7500565801413613,-0.2964082349536273,0.3538610936494636
0.6675768484001974,-0.2637152609948942,0.30801748085003716
0.656829959978268,-0.2829018092749756,0.32988280389676106
0.7542584549134973,-0.28550461613625094,0.341875546747244
0.7061588805163932,-0.2823404895612284,0.33602456680303
0.7344264091572428,-0.28694533364704,0.33539127518960177
0.6647410164734237,-0.28233900662168515,0.31759816142948827
0.7236191897014735,-0.29009869789355547,0.3488228212184043
0.5862819797509542,-0.2492085015313376,0.3307518197974555
0.5320037966470732,-0.23891559233562532,0.33544533968659557
0.647025423106252,-0.26154700145333526,0.33993284063076895
0.5851342822066091,-0.2571472195766049,0.34684749034474893
0.5867185129608191,-0.2510909099876983,0.3562373729102852
0.5901557954377031,-0.24973875473057872,0.33576495970067877
0.6822804350592143,-0.28240482347596046,0.33434948330944153
0.7313469279825758,-0.28582494520718,0.34804543649027764
0.6666625203105094,-0.2756094917879085,0.35766045646519057
0.6610624944692124,-0.28629573264962166,0.33128088120623006
0.6721069060138762,-0.28839167984177255,0.3426557995065972
0.6031116572714549,-0.25550875799558426,0.3495766142967981
0.5596999183688265,-0.2507099919347335,0.3324197013839124
0.5664350052637345,-0.24386761076017405,0.3596894787662742
0.5451253097984301,-0.23803047295673396,0.3657479475698391
0.6454642172984196,-0.2688242953707922,0.3295398542876597
0.6618131412858343,-0.2703530194777954,0.35637630264591424
0.6776021901005872,-0.28137408089252697,0.34481392719757364
0.5991711948638789,-0.25535777097436835,0.310250523408924
0.7077904000203764,-0.27781655096656827,0.3268331183373479
0.5686696692555442,-0.25210205445494976,0.3485913721719752
0.6249266835472364,-0.2736180319205193,0.3324627286873073
0.6395541924289713,-0.2678235855982958,0.34005293255675406
0.6297622958896543,-0.2729179161203431,0.3448022396173165
0.620381498636147,-0.2687941399798706,0.31467170669942884
0.7105100928822694,-0.2935391444806325,0.33541373657054646
0.762394923896643,-0.3022123353406256,0.3350231846934032
0.6836060520334343,-0.2683131153502084,0.3687817610077097
0.6068306313046435,-0.2618729752757741,0.3524804229121963
0.709683522230408,-0.2822244731842478,0.3295617164481692
0.6835331145809231,-0.2930601644995815,0.336620988081034
0.5391806637895721,-0.24849826505689057,0.3396987069435096
0.5781783923155117,-0.2527213753151055,0.33518399282098016
0.7373669422246691,-0.29042286022741415,0.36914123212219424
0.6855309377000598,-0.280902018175287,0.3316091868532135
0.6919929554945429,-0.2916847879385803,0.35973472022714326
0.7642690956598708,-0.2981928235224626,0.3274824540768614
0.6713787291419533,-0.28767997485038105,0.32438953963030903
0.7089703366728023,-0.2841053014037982,0.3452344074772257
0.7051640603648797,-0.28337501020118766,0.3662897608007276
0.6662736517418023,-0.28231669434276047,0.31642815636649296
0.6133328688265807,-0.2641197693961943,0.3370688421884278
0.567938270117017,-0.2482530466701658,0.32491753824570213
0.5923789974772486,-0.24832927137442426,0.3394686041724174
0.5929527571696882,-0.25360829376652094,0.32820952342705034
0.6761188208951842,-0.28096955248831124,0.3373395140559937
0.63543159216896,-0.26732055356590617,0.3629056692649228
0.7177331548843234,-0.2880969917056778,0.32254346346153495
0.6517079115098217,-0.264395398048827,0.3353157779056794
0.7812465518401432,-0.30067909108412294,0.3373036714059066
0.720195363382812,-0.2880293830955536,0.3364937280817378
0.7173042448771815,-0.2801926723503,0.35198952956902496
0.7149403013471856,-0.2848816935009249,0.338768164006673
0.6486570972136506,-0.2726486473478193,0.36625573959419244
0.6850165396311784,-0.2778781286923634,0.3372903394265507
0.6739810153254996,-0.2839985292558616,0.35806289342308584
0.6787913528850331,-0.27657526299715174,0.31850899546622685
0.7131894149125007,-0.27927084160961974,0.34911705396712506
0.6990613957379601,-0.2818973774559087,0.3140785936853877
0.7227442779680365,-0.2851888420142723,0.31007459144653826
0.7457499313661848,-0.3050132162748474,0.35487523887512973
0.6945832243930476,-0.2866172583645719,0.31778151493438034
0.7105923526404408,-0.2921052527016727,0.35150885890262096
0.631353991868476,-0.2589185809277348,0.33833101926559345
0.6592195448215336,-0.27829433802632453,0.35034919459394936
0.7282397391185059,-0.28747524213764736,0.3229586967940573
0.6923731974516923,-0.2885064664593089,0.32278682407023523
0.6981961746149553,-0.2839147681598187,0.36133410781898834
0.6375486614679925,-0.2660575310146038,0.3382817839022097
0.603271633773555,-0.26361047823622424,0.33995408658330495
0.5300503602501891,-0.2483099522559396,0.3575975856398927
0.724458220297048,-0.2903530000146001,0.32025583769994415
0.6615072483324429,-0.27798039828365845,0.34153802473320316
0.6233815761616621,-0.2645462806639431,0.3183842324925348
0.6881364923409886,-0.28008833950874784,0.3151263895263002
0.6734752916811858,-0.2803499361006234,0.34562460280639895
0.698885629675473,-0.2785964526480857,0.3281346538435656
0.7069824110549646,-0.28495981441872215,0.3090512895570137
0.6283426405092734,-0.26770795543796616,0.3175781407489575
0.6472534971456281,-0.26997589742958766,0.3513520631804551
0.7165748258676023,-0.2903687043628003,0.3406268243710608
0.7766872113088148,-0.29751399962762215,0.34026066079915673
0.6761189714559682,-0.28605202356206033,0.32758051431092494
0.6667978880778374,-0.28050922483115437,0.34699106637646654
0.6774057697685038,-0.27060956485802173,0.3248245720388998
0.7315276126160491,-0.29344045944523006,0.35963495680766555
0.6139882639648166,-0.25406858231597756,0.3357038515663639
0.750575993866299,-0.2996293473809171,0.3275730458751994
0.6403082413604795,-0.2793225974800997,0.3159316460627973
0.6678416939141532,-0.27573922690146074,0.32056675811208923
0.7207236475932104,-0.285476007499304,0.32604585128143254
0.7542665363995509,-0.3068940931702903,0.3453189271355093
0.6973472471869273,-0.2876304540214478,0.29828764130284646
0.65105128872281115,-0.2705112051250457,0.35162824039786317
0.7394817695319892,-0.2887845962860059,0.3466816106876869
0.6975456452260266,-0.2800299813432032,0.33034582753572417
0.6621894051475096,-0.26984046416573815,0.32274447677520046
0.7531204829135931,-0.3005948683316303,0.30216623935836157
0.667451221552939,-0.27067022239509764,0.3248164354156342
0.5760985371063339,-0.26768994858812006,0.37254749818462213
0.5862058136553394,-0.25255035884973015,0.32072808055460367
0.7439919622046357,-0.2915962357560167,0.3514115502153784
0.6646174725419345,-0.27519841235465786,0.33339505899603755
0.5773809328505987,-0.25227244340064936,0.3214537860849894
0.6198211083963352,-0.26049444935636296,0.3391282020001744
0.6529430613129793,-0.2749884706931575,0.3605731181691265
0.6401789107664027,-0.2677354874491084,0.3440912021738299
0.6872640804902761,-0.28395905927294746,0.3350735828486792
0.6225049846230394,-0.26434587983935287,0.33308662854134086
0.6946481336191691,-0.2746088966664093,0.3221768388378625
0.7135790784333467,-0.2970585109129001,0.3608579076715702
0.5571506019472734,-0.2396351487871688,0.3510515839713868
0.6251702103548062,-0.2566673529199171,0.31782362270285447
0.6065655832502915,-0.25741331006873874,0.33329738728344205
0.7149451523279194,-0.2799611907556336,0.3217393088128833
0.7571400974755417,-0.3013350576523592,0.3229020786129487
0.7746598084499339,-0.2976448708996059,0.33809209910901794
0.7875626245763949,-0.301774694497472,0.35481535031866085
0.5583014009114549,-0.2592702834343116,0.3293646274917541
0.598085392574846,-0.25754453930436894,0.3543162910362817
0.7003053838841252,-0.28475535442442423,0.34701803027879163
0.6410322621544529,-0.2697389200517037,0.335338906870541
0.7126518488418305,-0.2915361564829439,0.3633499748682935
0.6948806230336303,-0.2848485174393093,0.36004378562953526
0.6876664989015853,-0.29350383680582603,0.33835650467455486
0.7335175889616247,-0.2960888646610045,0.29912804989455605
0.6802626761600647,-0.28350230128740456,0.3178021068237293
0.6121508099016792,-0.2616464957635752,0.3702539670538202
0.5574130066913574,-0.242357577486312,0.3292120879630114
0.6751977125183487,-0.27301293413974,0.31895814050790006
0.6195304930234294,-0.2648167152203742,0.32091367001897564
0.6798917512350466,-0.2884125626534079,0.32978473315337914
0.6098581826960079,-0.2641212608534995,0.32720990225707763
0.6863193443644854,-0.27216852704294303,0.33263681810796103
0.642232338739115,-0.2647032327525195,0.3439844798690051
0.703123482944798,-0.2850513826911681,0.2931087738537849
0.68906394645515745,-0.29197284073215507,0.3531178993161149
0.637289467389428,-0.27006206553353157,0.34309628689817645
0.6571149588386302,-0.2657652853293683,0.3377504751327824
0.7385622447823176,-0.29093390090466076,0.3463507625054551
0.7259543626548695,-0.3014041812099634,0.3173550165551096
0.7641927503947161,-0.2979703054617927,0.3263243189971522
0.7100194285532783,-0.2895256477956468,0.322600187914965
0.6319559838825839,-0.26510549095639535,0.32519393621101056
0.5127067114923872,-0.2395582849215355,0.3450491249874026
0.676128456378447,-0.2697621894889541,0.33179497017660076
0.6662895277536944,-0.2780768526299992,0.333542635052266
0.6699042601288736,-0.27783458447090914,0.34499023795784944
0.6750397051305195,-0.2694905290477398,0.338940819483135
0.673682251659045,-0.2859911749164678,0.3441856030220511
0.7241643403593299,-0.2828037883625057,0.3491650914570576
0.6422407553686507,-0.26972570289506287,0.362845472370634
0.6988902431231654,-0.2851712851983323,0.31853380372982854
0.6124535732991138,-0.2629671618336091,0.31318635420009755
0.6088803509110505,-0.26600728270507673,0.34127431859751883
0.6642797508026226,-0.2718343591646581,0.3301759813845559
0.7343490295413991,-0.28985132075121733,0.3100948463017865
0.8230167548259733,-0.3160547876648464,0.331485607587545
0.8077184351138579,-0.3158594158254118,0.3183364055672445
0.7970562401870541,-0.3171496622301734,0.32875871367819565
0.676911350916769,-0.28106943202340606,0.32080142821403734
0.7583701182092344,-0.2961317246971455,0.3319414854605844
0.705920904483443,-0.29113829600020885,0.3202422138726342
0.6248864095325245,-0.2609282445335703,0.3186081452010144
0.6412472257746559,-0.2659483279311497,0.326886458915897
0.6247609626464095,-0.25652775959514335,0.3060236126359339
0.6958294100854723,-0.2794336282315526,0.31761103613860053
0.6724150451603477,-0.27003122864293216,0.3247578019457729
0.7373307879826914,-0.2957486163181176,0.32922485568723586
0.5434506281010266,-0.2388744709866377,0.33822199530795755
0.5483061858917361,-0.24256764328491065,0.347238326675004
0.6283046652712823,-0.26451050799715514,0.3430810929632206
0.7285487523978779,-0.30126164074206296,0.34342518795271537
0.6460547712050224,-0.2755555196052331,0.3523257011797899
0.752912904830283,-0.30099420063959215,0.3208561717137046
0.7616992968964069,-0.2983863201734917,0.34039556397409115
0.6591798066585245,-0.266120118065566,0.33943325906920374
0.7578404287529035,-0.30074760021638913,0.3382980393459328
0.7227078315117051,-0.28710988168266804,0.34082851045279
0.6829291289694776,-0.2794748231075048,0.32277784532566955
0.5857886907114968,-0.26327275384607707,0.3543775584596173
0.6504014723762332,-0.26442282631187647,0.3297798672859353
0.6878269531275475,-0.28436470820156046,0.342277370543983
0.5878764102798862,-0.25802893364030255,0.3212628908492802
0.6666344181637877,-0.27293027203380166,0.35911629110601223
0.6842610947203637,-0.2850830067670026,0.3614514061850163
0.698024014939754,-0.2901794125525926,0.34754861194161085
0.5654219949909647,-0.25310245643058954,0.3315015781510536
0.6899212424759479,-0.27140996678477713,0.34138093488848387
0.6398398179147863,-0.26210526103262566,0.3293661397888007
0.5931057506570293,-0.2574863661976966,0.3300959312666476
0.7417854716154707,-0.2946475557002167,0.34046732896723003
0.5518941363983443,-0.23593814299353522,0.33750566940617316
0.66723445429147,-0.2787196285981643,0.3429722498185216
0.6185696785365273,-0.26086187865623645,0.351814862686218
0.665484560217864,-0.2784156479007599,0.3356173416098195
0.6838654607786817,-0.2839105835986979,0.3492791724801458
0.6939226609471042,-0.28126982916324567,0.328694029446465
0.7264638647412485,-0.2774596488096007,0.3234227570186171
0.687259456277017,-0.2802619266139745,0.30178368485369855
0.6893473158399664,-0.27665374892549577,0.3425962593015234
0.6685821731644074,-0.2766260979319641,0.3504385504134713
0.5888596890684221,-0.25979590373962985,0.3103945977596698
0.6235506520374849,-0.25613586339897304,0.32196080180441244
0.7050137889675332,-0.2862695107330848,0.3221458164466477
0.6246939045667679,-0.26855979868564134,0.3206521420708713
0.6530269533855704,-0.27180171374264134,0.3315011761470034
0.580882807739657,-0.2555061676321456,0.3526788224723184
0.6221772468995488,-0.25266116044566245,0.3567894125957103
0.7317311980031084,-0.2922453568753621,0.3234665554329579
0.6606689615429353,-0.274855691156813,0.3151354189192017
0.6279178903344056,-0.25922733344640697,0.3104688370296562
0.7098702075524286,-0.29577750543647696,0.3193686761971814
0.7285643115136813,-0.29259956201604775,0.3294519917484341
0.6694808616139228,-0.28284303772014063,0.36555955415626173
0.7301331400805678,-0.2903629028269981,0.3497412778340806
0.7275649059756346,-0.28881606034297047,0.3158306675967661
0.7098691808260819,-0.2870053586234186,0.34534865716817925
0.6781425577434091,-0.2806557188834053,0.3018773950423814
0.6672253664703839,-0.2793972632757106,0.32441997852978943
0.7461741944669285,-0.28835783434670625,0.3473523089756342
0.611011009943191,-0.2599641425024117,0.33538477589949756
0.6450535873678122,-0.2718468539372312,0.3382567887179217
0.7694854078894374,-0.2930630008425049,0.30827210967952373
0.6851144125755904,-0.2824503677419465,0.345871414450032
0.7693628421228748,-0.29685634176318376,0.3536987254549138
0.6916833732505554,-0.288459320805164,0.33926188418434244
0.6402801466392462,-0.27990794979352007,0.3368782080488019
0.5744497254967544,-0.24355720362703903,0.3217094522143477
0.66573270256848,-0.2870390616139301,0.3406067994106461
0.5831628660567152,-0.25400603424661333,0.337771490128948
0.6332360211617856,-0.2736648505736647,0.3309435538002927
0.632056478018341,-0.2642578956525472,0.360337361178962
0.6570236042061723,-0.27410876464412465,0.3310123002211627
0.6664145835450641,-0.2817636749240004,0.3262112046413121
0.657112733187958,-0.2775648710366163,0.32915780843188736
0.7454035236740456,-0.2952320306007856,0.3214507997718486
0.7534545351500748,-0.28795898740376724,0.3379041950005168
0.7171852461381095,-0.28286848721536156,0.3598941829073834
0.7070940204876256,-0.2968674284047489,0.32828325948125164
0.7519632436962912,-0.30086292966700456,0.36958151927273997
0.7978014118848211,-0.306190671734827,0.34153782410460665
0.6523517415652174,-0.28313120324856644,0.3469116271012737
0.6337436683034569,-0.27241337948823813,0.3411115082973571
0.7498243367563328,-0.29611134775709713,0.3262388757022915
0.7617413762103958,-0.30124061174057554,0.31921573829278954
0.7462948765273939,-0.2935858022531954,0.328825195599129
0.6928687965816441,-0.2813943916811623,0.3299378417671228
0.6371184130475906,-0.26343088764255584,0.3377357169412589
0.721584170348214,-0.2850868516616366,0.3366384772021788
0.7370803539373919,-0.29256142403082486,0.3016524340637667
0.782675206398832,-0.30398714213607325,0.3219764646428186
0.6854058604035178,-0.28891715792291767,0.3586305518235897
0.6944248224211567,-0.28066337504329747,0.340622580012058
0.6728341064379548,-0.28491965691865057,0.34874381715901875
0.7440661981773309,-0.3004992805129936,0.3351765861067653
0.7113199483064805,-0.28063166419034075,0.35024201942017236
0.7259385893099907,-0.2897598297965735,0.3398325095699855
0.7285249605567509,-0.29580602879202905,0.34150266097725457
0.7337183383310487,-0.2979977915378356,0.3332539844362124
0.7025154126697772,-0.27444766537367493,0.34546831481660667
0.6875927012623371,-0.2891815903119492,0.3404328886665969
0.6973126851256686,-0.2856095356478757,0.3339721771160926
0.6930418391687616,-0.28544251595464715,0.37797636241414234
0.6498127281675253,-0.27706440312833525,0.34153145232177623
0.710397261739767,-0.28182437647470404,0.3669648879219895
0.789617936307453,-0.30064930215525354,0.34998179948525
0.6212988036397135,-0.26598759665938515,0.3356482108848926
0.6655729973124631,-0.27385848615933195,0.341396919568955
0.7056746373383459,-0.2827965641916106,0.3152216960382195
0.7156329673198146,-0.28231403701125973,0.3368242732193109
0.7001775652459428,-0.28550121224425784,0.3314294144190898
0.6953295899812054,-0.28555149686043757,0.338706005570855
0.6594222372492509,-0.2727038362134297,0.35090852544923196
0.6215148452611334,-0.2653885449770694,0.3133922613983618
0.5575142679233918,-0.2515784388246744,0.3531445263175934
0.6580031229204714,-0.27458702994063716,0.3234672413942419
0.7510006448106538,-0.28794989106991215,0.3299428821869408
0.8317382080186586,-0.31707036673051114,0.34484107411256437
0.6624785775699162,-0.2787432724990016,0.33734377143084515
0.6684636392133931,-0.2639401142763026,0.33644302832492684
0.7015286920315152,-0.2883016854928474,0.3553223474198642
0.6924053570839253,-0.2803028111961331,0.3522153682500323
0.7015814014787162,-0.288994714199711,0.32098160166005657
0.6725224042471984,-0.2776115651903246,0.3411839826734986
0.7494384164731823,-0.3015414844348148,0.33239245846934923
0.696818150593627,-0.29620470118053555,0.3484707702164876
0.680168865354831,-0.2735361001063326,0.3367402755975796
0.8171530430781228,-0.31533046712193125,0.3389853345434393
0.7851661006140477,-0.29863319293441565,0.32715499783775187
0.6885015844108022,-0.27751659592510847,0.30859583474455854
0.5894097763813927,-0.2560096855583622,0.33493793849925996
0.7333766614952822,-0.2949771768298796,0.35972386921331956
0.6700082368720998,-0.27589870509338243,0.31595654997042666
0.6601612830514497,-0.27412416811174206,0.3128331913037082
0.6382113502712988,-0.2794911683655843,0.34489473791771164
0.627011423086602,-0.2643524899663147,0.33182018511106515
0.6341494498745933,-0.26557574396340633,0.3047846409023583
0.6989364335215267,-0.27947935696565124,0.30818520870274096
0.643685959987775,-0.26493891980079537,0.3412562517138376
0.5455413210579777,-0.23885839487872274,0.3538389680603318
0.6058639713293691,-0.2578771236998391,0.34989627647293686
0.648269034694199,-0.2662612094785656,0.3431635838121923
0.7205369164287246,-0.2904107934296369,0.3479491976687205
0.7398493915043621,-0.30667504585986677,0.34098060778589057
0.6846575188269477,-0.2799744543189422,0.3533387974369395
0.6826541953771403,-0.27978610008480825,0.3512225270514023
0.7186093933483717,-0.2871127954485273,0.3213265209807861
0.6375053097648229,-0.27521806783627906,0.31873011494013054
0.6573982366811665,-0.2691785316673342,0.3666453783636316
0.6885306353798035,-0.2733969661679929,0.35462546371644166
0.7243766082474095,-0.2794111341790239,0.33441958821278384
0.7549056721301366,-0.30032710869285073,0.3280377791025114
0.6753637986990886,-0.27645527195339326,0.34061221223225435
0.6818676239861531,-0.27695971069320147,0.34161728343632825
0.6923463963917186,-0.2841193159814366,0.3416109425296996
0.6543236861192011,-0.27584034912552036,0.3282974206529428
0.7116610548997181,-0.2956280089272383,0.3488206208543835
0.7048095583202162,-0.2796440376371281,0.3338710805993575
0.7905927809679665,-0.30255784804209895,0.32960304165457255
0.6129180171644789,-0.26209827890091175,0.3379148281757231
0.6465385312852968,-0.269136862291542,0.3111487140125293
0.6145138400704758,-0.2657358148469662,0.3534449484707737
0.6391977064298517,-0.27245640286060463,0.307426887840353
0.585030253355749,-0.2446112422847069,0.3465204966573831
0.6332305196083337,-0.2673598422456743,0.3270089199096516
0.597959648871102,-0.25760238918386935,0.3621025873112656
0.5900279887029801,-0.25547377744694044,0.37411781466079874
0.7123387205100591,-0.304063913584161,0.3573117840698237
0.7565858033025518,-0.29491722034070084,0.3123980792940032
0.6702717814938848,-0.2779763640966548,0.3327584617425685
0.7530687327182234,-0.29632091120787374,0.33111366599683495
0.696712488509382,-0.28648408317432705,0.3483115562296871
0.8240423613400627,-0.31568675293143716,0.30441295362926696
0.8253059978439993,-0.32115721158742494,0.3449671607347568
0.7310334811684855,-0.2958548344258117,0.3379792631459049
0.7272117976178388,-0.2896441076742812,0.3271287721115737
0.7515220661117019,-0.2939649724940184,0.32134230693468063
0.6247599314602273,-0.2689174768027993,0.32207661630904705
0.7037360447837897,-0.28817611117042047,0.3270964863625523
0.6943317141617058,-0.28243079009883515,0.35155140850689093
0.6260357100517524,-0.25537912745588004,0.32332020552501256
0.6026643227650311,-0.26020382945425075,0.34228750364066324
0.6041940121621567,-0.2715848900051072,0.33619799904715864
0.6405953241986996,-0.2559297615269919,0.31942861956937213
0.6853122396033545,-0.28404513450714775,0.34258413362571105
0.669388105765954,-0.28588767078080707,0.3496130944233358
0.679738534622474,-0.2809349410425319,0.3331314566015713
0.6973422656660515,-0.2791760692815919,0.335380045433028
0.805815508437181,-0.3058906052209143,0.35223830986881605
0.7164768160945831,-0.2906241918994752,0.31576487829425653
0.6595272279765327,-0.27075912877838365,0.33488033254131705
0.6632117494575914,-0.26431995952733406,0.33894367490007904
0.6873903355462864,-0.2785572144764768,0.32546492450892056
0.632301166682196,-0.2654350443482181,0.3265478716050491
0.6496378253109931,-0.2734414867348028,0.346122525764264
0.7793260132807501,-0.29753343130682963,0.34721968592676294
0.6890311567438128,-0.2869484834211823,0.3046836596427501
0.7207159470701694,-0.29438799421015804,0.329037864136042
0.6486457295203457,-0.2664883372223833,0.32618924329695675
0.691806816599482,-0.2805660363539016,0.3327580594087252
0.6605013528987771,-0.279313406568589,0.31177770133026556
0.5929751761526483,-0.2455858319797966,0.33986762121543007
0.7366627915570145,-0.2929514010038772,0.33732209461171364
0.6707791323165225,-0.2877677212901296,0.33587538792793725
0.5910989548919785,-0.2573922281302682,0.3317779305390938
0.6435071676100209,-0.27153895229002883,0.32690060369408536
0.6392248105269659,-0.26581716659823307,0.3377887242609813
0.7189806652520998,-0.2834751086196644,0.31767732280881966
0.7172680905810661,-0.2791375201549499,0.31804715464149386
0.547289122921428,-0.24335453370071256,0.339888939959611
0.6750623540407737,-0.2808103065867302,0.31209234231902355
0.6718063273330065,-0.2704267567530294,0.33570458708127265
0.6504364504765698,-0.27461585102255637,0.34479166088480195
0.6432047251173648,-0.26118201735285407,0.32173805957014445
0.5765145805125166,-0.26021547851587956,0.33556350498506377
0.5394340132039344,-0.23957708093092478,0.3342422604874346
0.6143258891776541,-0.26227016030788086,0.33399874982390243
0.5592510270685349,-0.24566196819108418,0.339251891751852
0.5874541785146895,-0.2573085981985954,0.362397108946376
0.6705620688283874,-0.281032270095803,0.32076554224852444
0.6172702274392081,-0.25854594767240857,0.3172749533685863
0.6492491945762072,-0.2600953777319591,0.34782025308442965
0.6534353166140301,-0.26645362454880145,0.31345244438174075
0.6453901761786792,-0.2656170732889509,0.3396323719855819
0.7166788581576117,-0.28986625456907283,0.34501904678717954
0.5900493244452553,-0.26245730754086793,0.3408529348844962
0.7075155516024437,-0.27956097318205225,0.34829340287624627
0.6129179021647041,-0.26071054773411784,0.34603698262110927
0.6155056227941083,-0.26480038628927866,0.3422020076197365
0.6027996738704839,-0.258342750243939,0.34663074836911
0.6223015926553074,-0.25565949172490404,0.3334838152052492
0.7529887972873621,-0.2943881706120577,0.32204815494061106
0.6495380332273112,-0.2743103698968372,0.3342305605981705
0.6726723297127513,-0.2771841490233503,0.31780891946641804
0.6293034439907927,-0.26720106409336675,0.35877905163480245
0.6254336678411299,-0.27122318576819227,0.3253258782262008
0.7506653978455937,-0.29830561719645776,0.34911382730114515
0.636979916377002,-0.2676759013368639,0.33262697134768904
0.7907733905406769,-0.31026687175867285,0.3435263999847384
0.7386302852784324,-0.2902918908849237,0.3774877883333181
0.7450491027781302,-0.291502494573234,0.3486484960114087
0.6851201445058656,-0.2843521787111258,0.3441831901985417
0.8084367335127041,-0.3207095682259245,0.33469455889971667
0.7507453735202725,-0.2960462349426489,0.32654393575088353
0.6068365189265075,-0.2656343907378986,0.3586629627604332
0.7109343360661796,-0.2858059671560487,0.33042677624857014
0.6439057762754341,-0.27194275116195177,0.3671900741902444
0.6878652843448707,-0.2792112786479978,0.30225466147595437
0.7389139034568417,-0.29972577220386076,0.36264374382488807
0.7250581311731221,-0.2974056672278862,0.3507166651669167
0.7002754407425993,-0.2856708312268119,0.33649993777830256
0.6766406318228746,-0.2797249031066065,0.3384228674883558
0.7119435396728457,-0.29103385062186704,0.3287949083349052
0.6009185919214375,-0.25950774280116096,0.3267558646771382
0.6778324609982065,-0.27986586129861113,0.3418553343989873
0.7214035267047253,-0.29132908388791695,0.32650232140662405
0.7278212895909548,-0.29285865479737044,0.37773775667981235
0.6569866620599168,-0.2762586251771915,0.33666161297894803
0.7088454263049432,-0.2838134516066078,0.3512420600578054
0.72926553994002,-0.2979866146494566,0.3450087995294415
0.6851945998967537,-0.2780686422222823,0.34045345882665357
0.6921859946738876,-0.28662920323244456,0.34650634979972783
0.7777901299980655,-0.3037407616153142,0.3590256376704589
0.6343780019747469,-0.2793064581824159,0.33790106274103876
0.6930042861658665,-0.278402598154387,0.31836495567862533
0.7220445911645352,-0.28859583110052717,0.3521731818442662
0.7033315834695086,-0.28408995996863234,0.34351037962111286
0.7009649861418423,-0.2846579302463264,0.30419261378192547
0.7578991034605025,-0.2987722073019917,0.32722322117399083
0.6922576024276071,-0.29279877311822106,0.319440570499711
0.8096537509654518,-0.3058869155461413,0.3327443850980611
0.7866209065227934,-0.298876427579395,0.3334779082825689
0.7034704083457665,-0.30266981518776614,0.32783210522703554
0.7870354138139131,-0.3097036659944747,0.3143097747721325
0.7340054384401619,-0.3050844639367095,0.3384910693695186
0.6980731517709594,-0.2727214845356406,0.3114868507357452
0.7694778554007419,-0.3107949152776205,0.368035640659802
0.7532952436979341,-0.2961968517113709,0.33054972492210294
0.5140652827134261,-0.23279092713176397,0.3521362900373165
0.6498475726939691,-0.2740982523220964,0.3356652924132637
0.6841190638417011,-0.2764668616348697,0.3192521601023164
0.617066122030099,-0.2594723612768443,0.3441777220549648
0.7015135897573177,-0.2712999924905168,0.31860773576894885
0.6623889425514409,-0.28406338217197613,0.3269098775608392
0.6473130701013033,-0.26829019262457016,0.3480277600871675
0.6606998109075487,-0.26910551877269756,0.32585716775346596
0.5823074550206775,-0.24802544213380498,0.33171109655805653
0.6544261820513227,-0.27375881564386734,0.3390426774513281
0.6592132132286147,-0.2821243007751029,0.3459445895656386
0.6422620863927315,-0.26973887928581075,0.34168147986244124
0.686457576896124,-0.279085080057422,0.3083179171904248
0.649688160779713,-0.26712291869259924,0.32871254366302305
0.7099191886964941,-0.2864294451866935,0.35103037132918846
0.6989934915122763,-0.29340861378510646,0.34405168044636936
0.7175305834794227,-0.2876891045428347,0.3354329474769764
0.6675666767899269,-0.2782647696833075,0.3364817583131506
0.7139154627314914,-0.2960700462573755,0.3298224597366373
0.6619695865310933,-0.27422231622641274,0.3381224327147877
0.6887210443763003,-0.2908972396785367,0.31445588688803183
0.7563322927522058,-0.3016511325724166,0.3478675727397965
0.7686484207267674,-0.30774370319989763,0.3479564341822085
0.7247604746005879,-0.28169522933990265,0.3480219117499307
0.660140347571723,-0.2748334616893613,0.3381612188735939
0.6283091203420117,-0.2612102110621695,0.3483978327429706
0.6902652451066338,-0.27468231924987047,0.3047504692876961
0.6445361350963503,-0.2683331236262421,0.33348353722209784
0.6853595206171338,-0.2800871944682185,0.3388695286093867
0.6291426485219791,-0.2601951704531216,0.31411817723067254
0.690640761754947,-0.2745760115795388,0.3256645931642732
0.8159827403537522,-0.314924442622975,0.33516167855747286
0.7614908396722914,-0.29319912383620206,0.34738268559973057
0.7135894382657143,-0.29009047645120817,0.3185339926962444
0.6960844692330135,-0.2866757438648238,0.3314893857231055
0.6409819888286641,-0.2672720905057837,0.33494500058200977
0.7449494962066858,-0.3105620959062864,0.3274274071902007
0.7451881130296173,-0.2996816985128774,0.33141250186864035
0.608457930312371,-0.25163194921229093,0.3187874233067054
0.6174651768595012,-0.2577472792932782,0.3438124643629539
0.6521241563070409,-0.26888618419278953,0.3399043195464499
0.7646193525484756,-0.2991227863452225,0.3555974164800608
0.7487645898833153,-0.29760698480222847,0.3302713848449413
0.5746414429659138,-0.25669582335597485,0.3255022664328436
0.5497783664278725,-0.24189292605811888,0.3461631338139039
0.5958931142508492,-0.2541713403943363,0.3465591338561679
0.7176018046749734,-0.28990235285446664,0.35601654913624114
0.723808128632545,-0.2755535457619292,0.3511749842749743
0.7702275421084409,-0.30322059099141346,0.3139503216563253
0.6602862499804244,-0.2775429421532993,0.34506823378855195
0.5843093610552134,-0.25690679035900627,0.34013001776591467
0.602790739362064,-0.26641423714133583,0.34646350210599763
0.6680773505086242,-0.27457141267570095,0.32444899206364447
0.7019383003308138,-0.28524814802530063,0.33252464944773646
0.5830466637537923,-0.255996525666308,0.36970921738252854
0.6402956293494794,-0.262075145846287,0.35185645050692405
0.7407642514169142,-0.3061688504128856,0.3368349527590233
0.6809221507215675,-0.2749857156776631,0.3221785122628857
0.7075551053499927,-0.2958378640710361,0.3356310205192349
0.6457494054693971,-0.2686311764374649,0.32314641086792195
0.7120136948584261,-0.2885580437693594,0.3537047252951075
0.7121105639220371,-0.2870564307028944,0.31784389710735755
0.6966096381697514,-0.28523435156145593,0.31780815320133443
0.6926538655680295,-0.2751023925638771,0.36720850420095963
0.6993104281282551,-0.2863751314486235,0.3403466402958987
0.7012615508819001,-0.28523230590226123,0.3542797563492218
0.6235478912305846,-0.25721847862082886,0.34948044466269873
0.5845483398589242,-0.24882293646070755,0.31617216739239057
0.6502359833006361,-0.26159266818339,0.3284118056823827
0.6153143957813766,-0.26582319645726527,0.31415082323678084
0.5663215294411859,-0.24688182974387118,0.33547766008117685
0.6511848294998533,-0.2701097417601976,0.33216908758252545
0.6932779807950009,-0.28787424251996213,0.35735963984792474
0.5870004491975814,-0.24877692928592798,0.32671737167107895
0.6862790632072442,-0.27226312541188985,0.3288289514574219
0.7003687123495703,-0.28146350183807534,0.34483947603098786
0.5618676743730998,-0.2548024736517629,0.32349301628452215
0.7237954481254725,-0.2859393632122963,0.31183409805351736
0.7214257775077398,-0.2880094254046563,0.3279310295299309
0.6666574909164713,-0.2754620508212778,0.3623478013650062
0.5702153049680102,-0.24898291369664943,0.34571617887961414
0.6196165003708801,-0.2685611281541575,0.32224155984021546
0.6218727453405694,-0.2699058631311531,0.3266968675364528
0.7227751675532178,-0.29288879876009694,0.324328502539934
0.6411303168978509,-0.28261530293519044,0.3418178320044495
0.6801528560057655,-0.27212029984081776,0.3515992749215589
0.7077146428982344,-0.28036519741910054,0.3303252809775997
0.7445669499772756,-0.29667934213562264,0.32829267744642376
0.7338767206861119,-0.28985227828240506,0.37495979605835644
0.6529024070919432,-0.2788083268083507,0.3435415361813531
0.7182116598245685,-0.2878851509271131,0.3515725062596914
0.687835695623505,-0.2875346220988866,0.343216309180495
0.6429060416017415,-0.2631645999689132,0.3156853151732076
0.6786744858356182,-0.2822288210359932,0.3435475394224213
0.6593683222061687,-0.28272053691022075,0.34624416635234245
0.6530339551350263,-0.27483414773592024,0.32565484271441963
0.6962667286581842,-0.2876780879815012,0.3498867139340161
0.7536270239087719,-0.2946775162451115,0.35273806339849934
0.6737647383160973,-0.27253615748053933,0.3258462503133863
0.7504670466372334,-0.29583697932660175,0.34616063579244927
0.772191289624814,-0.30251580166210074,0.3307138127347539
0.8006015754822137,-0.3096312858683285,0.33033599457516943
0.6946407550879036,-0.27765604279879974,0.333812870552109
0.7320033368221314,-0.29356169375485897,0.32827968185699236
0.6576381561594742,-0.2625196537680514,0.3281783420748326
0.6443802456030677,-0.2708621342858189,0.31938434498067403
0.6416918883636815,-0.27086624337728066,0.3450526644547561
0.7521860993201547,-0.2943389243925589,0.3658361084552064
0.7083158418006162,-0.27010978302108657,0.34724054591627596
0.7209113637759503,-0.29542479413998185,0.33884027435736275
0.8005313398312269,-0.3041217732588472,0.33051200312891543
0.7136736118094835,-0.28763343113956635,0.333683377674414
0.7944072053187913,-0.3091174163728232,0.37425796695807373
0.8245331387875462,-0.30378258010765957,0.35824428063921043
0.703633523477887,-0.28154467837135067,0.32777708233296
0.7759545692477912,-0.3097204622415074,0.33158910966482413
0.7056361136336416,-0.29557093462361783,0.3213022713366209
0.5631023801111856,-0.24320749695213734,0.34029309285105735
0.6778829382745781,-0.2749337171049183,0.3416945065462468
0.729913900777395,-0.28832883981455687,0.3398013366712832
0.6859499287682449,-0.282726863297642,0.34653797635668565
0.6653398434814752,-0.2790572632249288,0.3704191729966917
0.6151487996818603,-0.25487449778356946,0.366011931122528
0.6601919985371058,-0.2679501047525259,0.33872795847913467
0.6405870332289336,-0.26792752686379195,0.33618606604501505
0.6947108004762822,-0.28406624076700415,0.355832018219191
0.6874589715505303,-0.2819910087938748,0.351181394131343
0.6763273710667904,-0.284125658815655,0.34952233150448325
0.6642446150433903,-0.2781157712802956,0.31494127834231406
0.6059585211450099,-0.25496002462363315,0.35730660494595795
0.6817510364044673,-0.2765676466370647,0.3270119459324202
0.704599245053702,-0.28156277917680367,0.3523964828120503
0.6902096914606082,-0.2770164229021833,0.34187901002274024
0.7112061564631487,-0.2793946360021143,0.3563319483744152
0.7651846735839342,-0.3010088572555147,0.34825350637340097
0.6979123699542249,-0.2835463741300393,0.3593869952988232
0.6851624498134126,-0.28930617428581173,0.3148049467217234
0.7678733950647579,-0.30361360731439213,0.3391337083936879
0.738289612493082,-0.292802659227146,0.3275158377687328
0.8336330552444831,-0.3245223871411599,0.3469815518115381
0.7054687058733342,-0.28764437905592743,0.3233620736354598
0.6836904865599722,-0.27471651847356554,0.3233772381591242
0.6749951794431693,-0.2705861559994071,0.3420418470354753
0.7160192318473813,-0.29258628975448175,0.3571687304665619
0.7315600669370799,-0.30051345722497225,0.3531300018411041
0.6359323581997349,-0.2720299817934986,0.34977248562260027
0.6819767653347746,-0.2778944424477359,0.33473550314676076
0.5899636708691435,-0.2573487791442634,0.3292418863228903
0.6546721802466096,-0.27438465050309857,0.34746609202445283
0.6816466644736824,-0.27380819324799216,0.32449008499957016
0.6984421496354214,-0.28289363535890266,0.3413262806804771
0.666374371468929,-0.2773478545208699,0.35327460054339
0.709810547529762,-0.2844747622003755,0.33389124792252484
0.6593253862611538,-0.27353602426928436,0.3176386432426034
0.664545857946823,-0.2682525112571303,0.34146754166962506
0.7082347907997135,-0.2921499703675459,0.3485971886314409
0.6702007209998385,-0.2835326101440129,0.3168702351179966
0.5797114170821176,-0.24717920463586412,0.3423381281470839
0.5241019698911136,-0.23242313388972982,0.36267598687588587
0.5924972570372857,-0.2584371506852937,0.3251628356136307
0.6403482449282487,-0.26913531973220345,0.3376293630746803
0.688053430806739,-0.29614006820431615,0.3379526485626687
0.6506492764751712,-0.2681849580359764,0.31880047273554607
0.6774904886502994,-0.2797792593601044,0.33947703759788495
0.5768759422737585,-0.2601944231230845,0.329526871383189
0.6568085772338348,-0.28697586766404615,0.333472756178749
0.679233481799234,-0.27849204005163497,0.3382451865505152
0.6019379258136881,-0.26571041015291075,0.3209018437241556
0.5867457499940563,-0.25679457220895796,0.36164748790170975
0.612270920947353,-0.25609085253958674,0.34554621803260643
0.6629711236736805,-0.27536454673949823,0.3217694767399712
0.661109517434124,-0.26474100729640193,0.32273777655476793
0.6666675833203154,-0.2683681651832951,0.2927774837116389
0.6719679094751357,-0.2744729865019159,0.3579992856061646
0.5644423362379156,-0.2518862222337848,0.3519365485590154
0.6972159745407555,-0.2773573412227816,0.3445950077514651
0.655035949446136,-0.271710184409291,0.3324590894362453
0.820673852289089,-0.3120148881241218,0.3376057771233531
0.7094037302746616,-0.2829594002866876,0.33020754663148516
0.6475988243797351,-0.2726443209174845,0.3394320036112362
0.6951166052624707,-0.2750031676351071,0.323887433430632
0.7323013340800086,-0.29899989754317624,0.3327915669014549
0.8008523399940553,-0.3151004361026355,0.3357044506374729
0.8275418270378505,-0.31043599865338684,0.33670406799931674
0.687927269709023,-0.2904230591406788,0.345769473561368
0.7291119165181184,-0.307278656806895,0.3245035646518647
0.7519988253174362,-0.2937290047177212,0.33492635936394083
0.5011581457535896,-0.22941762147668884,0.35138710306589815
0.63095929817656,-0.25488527878135336,0.31643773158997957
0.6083357549511504,-0.265780725364584,0.33864809629040743
0.5899489644376601,-0.2517881019607365,0.33442677598874154
0.7139016368413439,-0.2804924066159891,0.34379631773360464
0.7169072588250462,-0.2843501739705532,0.3111679363908841
0.7472317466943676,-0.29756216388846835,0.33350258873612
0.6337682311195021,-0.26828344475827,0.3335640494483764
0.6089808438982057,-0.25469508459150525,0.3311659059835004
0.6720237931574089,-0.2738255737872615,0.3473110991758595
0.7227342592263716,-0.29201066460554503,0.3389805000069605
0.7017355797249966,-0.2893361355171275,0.32618166178893254
0.6108826077418137,-0.261981268509903,0.3604541632385748
0.7247689836215246,-0.2866490399245678,0.335822544435081
0.6139818650514887,-0.270088502669365,0.3239799388584944
0.684552669171438,-0.2737189228515625,0.3378983343342534
0.7927730568169216,-0.30846669372031155,0.3660403885165417
0.7611633257468514,-0.30065352346397967,0.3369700915724506
0.6248009265038122,-0.26209686287554124,0.32114290447246235
0.629906432763068,-0.26224196053567744,0.31557453475563346
0.7238278810797002,-0.2857741560006444,0.33392680345736614
0.709945737263623,-0.30390721576549157,0.3420500275481541
0.6619782851348888,-0.28077755342899896,0.35493034441377797
0.6519560704412459,-0.2723620199551981,0.3386814207201817
0.7260214998937524,-0.2928164032158852,0.32541294262571413
0.6789935300531016,-0.2837480020229714,0.335127667334991
0.6570499276444093,-0.2708181015780246,0.33327209975268063
0.6905997735362427,-0.28479292946359414,0.352329541167082
0.6790256434559773,-0.2751263806583751,0.3396166693729516
0.7193221464790822,-0.2851687212690324,0.35219801406498413
0.6408792338535418,-0.2766568766175072,0.35540959080307405
0.600652977827067,-0.2517993120059631,0.3548398253787268
0.6449056615348917,-0.2706769249246835,0.34443218082564064
0.6757097692987001,-0.271567021138039,0.3272141851265241
0.6820467583994829,-0.28093946530226965,0.3226219765251449
0.7159770188435292,-0.2961167424245953,0.32695639194169784
0.6343509524640257,-0.2738324811929269,0.339170613776824
0.6954767894828396,-0.28304085374497323,0.35902882574724515
0.7246622469203325,-0.29115022515466293,0.3364308822250562
0.6458166029284333,-0.2712900006420669,0.34480222124474774
0.7582961771906607,-0.3004141649880118,0.3287845999073968
0.6578695329324609,-0.27187858499137346,0.3218484963270819
0.7185407122659685,-0.29250540988861395,0.3223191041284921
0.6453115190111759,-0.2624411406289338,0.34469066916869107
0.7004821836382544,-0.2884113449673308,0.3104019057178388
0.6415221919808717,-0.2737287121084869,0.33380759994899745
0.6834308032504169,-0.2803586304915167,0.361721339690695
0.6451591525278779,-0.2692884207322895,0.31326613901132916
0.7149985907327382,-0.28781522420547234,0.3274768554860182
0.653602587042697,-0.2756987512605875,0.35758781815726837
0.6416943991228047,-0.26826749985902276,0.3532758644831824
0.6801700092674722,-0.28126087238251046,0.3315424617480117
0.6912225757120136,-0.29378156654365933,0.3349194419717097
0.6851521965618579,-0.2811049643194755,0.3179824290049049
0.5886698760558617,-0.25689025396365334,0.3511200120861476
0.5250605655940552,-0.2377638623848071,0.3271914211541518
0.5680459367150998,-0.2526597827885489,0.3342444267449815
0.742744840003094,-0.29130747364777176,0.336475614788423
0.6871701563572146,-0.28288825215298835,0.31493742094841615
0.6894652256547273,-0.2815117600451955,0.33235225877820346
0.8224374720311224,-0.31234836874140826,0.31763137897668997
0.6530998606786318,-0.2580451881210477,0.35689838635520654
0.5709696360752212,-0.2508605453280605,0.34868545647060867
0.6593060770853213,-0.2853820775121093,0.3329773661319576
0.6372150378680894,-0.25935109205377854,0.3503153669399804
0.5678268749822535,-0.2482787699985607,0.33556595700512404
0.7106893679621359,-0.2859809277282312,0.33671837726580534
0.6862239876818244,-0.2756919091131204,0.3425627361735752
0.7197599421630906,-0.290559794735137,0.3390011313626331
0.6285808661641981,-0.26714355128535533,0.3155104050192637
0.6553074731226395,-0.2594854571353313,0.34870664057665146
0.7122888345516448,-0.28500865888765103,0.3558894067926143
0.6728584741121096,-0.27721465376006416,0.33811974572275205
0.770940417122379,-0.3037967027996146,0.3728695975470669
0.7443001467795691,-0.29846830067856195,0.33376796614497434
0.756260603559245,-0.30275540294691566,0.32058029387157083
0.6818947413865065,-0.2819029267989464,0.3429743199785289
0.7207899800883716,-0.29303383422424734,0.357000260765136
0.6373196105600161,-0.27130113739942296,0.34743215878817757
0.6558573966960854,-0.26370916885743895,0.30276385101679115
0.7281785749165034,-0.2911566718520371,0.35180401877332085
0.8266936375755329,-0.31828686453343186,0.3323757497776916
0.7470982235602535,-0.3028464724830719,0.358930003740366
0.7287831509717139,-0.29207302575631544,0.3076458015323748
0.6431359738897122,-0.2756939838538498,0.37537270737521206
0.7157160337023846,-0.2963183131873495,0.3272431842860712
0.738920709185106,-0.2965206736883507,0.33766635008976026
0.7095875947481988,-0.29020737674410935,0.36723169837507
0.7218816682313275,-0.300348158504254,0.3559521123288456
0.6922736337584006,-0.27822144585265746,0.32556887030390563
0.6256582412263512,-0.2697732739852876,0.3464814591957176
0.6962764250134412,-0.2821434564754644,0.32231280146458846
0.6799726385262973,-0.2778658210054964,0.3479178582361255
0.782561084933096,-0.2991446196175449,0.33714830373431465
0.7569203924994183,-0.2972556053682159,0.34114261954236874
0.720336974721394,-0.2932383466537774,0.3381258698704308
0.670150497033356,-0.2825718357512993,0.33032145348144715
0.6760297082077932,-0.2783983095916599,0.34189670980478276
0.6808288533148428,-0.27939793365186755,0.329156751060645
0.6253810824007454,-0.27578348727189883,0.32044606676768034
0.5859018352611559,-0.2541827918464483,0.3384983150402996
0.6809015148383538,-0.28330168130898536,0.32211635704892605
0.7077311962360591,-0.2885260440075441,0.3149109143106163
0.703477335045953,-0.2791964935810333,0.3214286588465813
0.695120903455034,-0.27628763722422384,0.34475802651983756
0.7177762850321652,-0.29695641919775156,0.35594710139994334
0.7817617267984929,-0.2998862903666574,0.34128320770136433
0.6421578734526814,-0.2703997566675743,0.35011829462782496
0.7067986933425641,-0.28740900624100396,0.32858261723617954
0.7331020426556474,-0.3012953553793799,0.35650947484171247
0.7040758697387002,-0.2939362526354188,0.3394720983713126
0.7143441395818678,-0.27950151707470755,0.3178399751216831
0.6534693314391647,-0.26562284350438586,0.32327778338213603
0.6390726504650717,-0.27186547655094356,0.3589076766368251
0.6054824986471662,-0.2730141882740309,0.3429769226499629
0.5063327128612167,-0.23755402067579853,0.3281828409525103
0.6200776659855907,-0.2680821438545209,0.3671860582158048
0.6703739595613684,-0.27721165569551387,0.320110539084952
0.6983249053497134,-0.2897287280499433,0.3480983130090114
0.6281956589447354,-0.27362522925388266,0.31455721050300184
0.7131654711048658,-0.27673342297375725,0.3382060092770709
0.7073976862408946,-0.2785724973049565,0.37340257367759394
0.5885728907315728,-0.25702835804656693,0.3303521489826965
0.6878584637553147,-0.28630792542957073,0.3623389371196448
0.6458826551309921,-0.2679328589528004,0.32656479552985257
0.5434976247375889,-0.25466348076479633,0.37582759860582937
0.5752163276171519,-0.2513290500489865,0.3511864174303092
0.6437044450178716,-0.27916397782684377,0.33957723930557276
0.644151942196445,-0.26829310890987895,0.33526822851156324
0.6672295939804724,-0.2788414661246826,0.30993723213444035
0.6503064453072611,-0.27374656294019284,0.32807263041426765
0.667146323107244,-0.2852954486902415,0.3559587492579351
0.5970920094978249,-0.2632152413910086,0.3203944379437481
0.6117404032538174,-0.2575249518042917,0.3385070396079554
0.7346956546657015,-0.28722350147895276,0.3498598442564803
0.659261352154117,-0.27241026171561233,0.308574969926408
0.6853360631605835,-0.27701714102271513,0.36676081351994005
0.5667227918233515,-0.2510353066601284,0.3318757879720645
0.6368072259520128,-0.27123950098989924,0.3196703552194741
0.6490422699639418,-0.2752875000671712,0.3598969779828244
0.6188054682179814,-0.27390955435734204,0.33381537018565477
0.6537767355247545,-0.26914160112015745,0.3268327986571004
0.7272094605099685,-0.29046962161812795,0.3211405436061143
0.7410524174495868,-0.3010881686603089,0.32875307691134203
0.6989061699700205,-0.2812274023293934,0.3294290118748111
0.7304840084589495,-0.2929471365333442,0.3353091514661874
0.749546165859807,-0.2919916209678524,0.34452405636165556
0.6689279447005068,-0.2709872362754709,0.32898464949120226
0.671917151700779,-0.28988902013618384,0.3498433929938414
0.6657741535491756,-0.27088049603708375,0.3156698488135994
0.7528074606097547,-0.30405757697238783,0.34959967920183876
0.7383203173045003,-0.29747036310772856,0.32116458232366646
0.7428071629438703,-0.28301446467790237,0.38132235321465396
0.6399216111095126,-0.2755869072762402,0.33746972864854313
0.6970015616756262,-0.28517440280606526,0.3224219380703306
0.5554378645094906,-0.24824577354456093,0.3502698168072751
0.66516663990466,-0.2689770551043463,0.34041723427174203
0.7618078126014224,-0.29410220536616166,0.3378106741487529
0.6979115738258279,-0.2772308480868055,0.3167642376340939
0.634987824355769,-0.2703437407652631,0.3300919252160318
0.7390720902906861,-0.29169828081021204,0.36207319614879646
0.6255364924770487,-0.2626900159635538,0.3204305062170619
0.6388349895727898,-0.26738220921196454,0.30947846443302984
0.5699113244937845,-0.24420622516966892,0.3278705688554054
0.5982655143534453,-0.26493243951469375,0.3001454457876719
0.6742652628539566,-0.2789948546264036,0.33527432475081576
0.665317278902176,-0.27987729558299757,0.34391027929311035
0.6685764019007642,-0.268193360867238,0.3378511263516629
0.6809330968076968,-0.2748087852158664,0.34467857210531333
0.6122803290029198,-0.26770543068146074,0.3227573509885236
0.7406523074294511,-0.28425631716211663,0.3325009828778219
0.64480334241685755,-0.2773344571543287,0.355098879611582
0.6537910149348413,-0.26785917349175475,0.35117643447804925
0.6653894422457068,-0.26837243460782206,0.35329641479975205
0.7192263033894959,-0.29628754740987334,0.33079178838481316
0.7697620046981725,-0.29451546699944603,0.32010635255316794
0.6891694236586442,-0.2863812294035384,0.33226881581502643
0.6876222536617572,-0.28794790064692966,0.3333509504236017
0.6789828498036459,-0.2942524405174179,0.3475862613856801
0.6567250479102262,-0.2718022366204853,0.33490164249358034
0.6800839904844705,-0.2831479510321704,0.33942869833606376
0.7230828231935028,-0.2918443409426545,0.3265340830868773
0.7338973505755012,-0.29744566329879557,0.33451247517597726
0.6192194905875448,-0.26666338698815234,0.3220124252577349
0.6633895733497526,-0.29322269426374514,0.34111218619072864
0.7178216354264402,-0.29147609019193876,0.31831593991478224
0.782252469543308,-0.3065642680985761,0.33341389102631014
0.6936924885300432,-0.28222534256185855,0.33203668261888303
0.742505042141203,-0.29751433168170544,0.31506858076065647
0.6559359632390634,-0.27292084613939316,0.3319679554576046
0.7611329779755136,-0.29345429317670635,0.3358515509114804
0.6647666735721466,-0.28514614965221524,0.34145127305346396
0.7197759633063918,-0.2925101188470139,0.3278071144669034
0.7169327815639494,-0.2890115038369614,0.3212642700413829
0.617262399423926,-0.2689605566183224,0.3348635663837104
0.670966515125992,-0.2697981727787024,0.3412699938108723
0.7146617547318671,-0.28147488803555354,0.35203741239060504
0.6375043766416958,-0.2631778087763258,0.3455374638861473
0.6328646115616114,-0.2571412798751759,0.3507900855651821
0.6532418310326388,-0.2704146414439903,0.30880717908946376
0.7368031781984072,-0.28952854707145187,0.3422152382931296
0.6181882368301453,-0.2570630902392709,0.3192127082741079
0.692024298554528,-0.2783648666346973,0.34184855962140254
0.6252715669658462,-0.2664270712032809,0.34000024387220024
0.7755677799886278,-0.2986997822122897,0.3305468110028334
0.7024112880374757,-0.285601849182532,0.3470634099849722
0.6415501113526366,-0.2680434018961235,0.31900944724460145
0.875180321179979,-0.32204306840250846,0.36506365410565805
0.6907207234668327,-0.2929427840624047,0.3466857279307599
0.7246698096709342,-0.284949049545585,0.323993386934023
0.6492180412802673,-0.26559277674508,0.3393118326707244
0.6252935704727683,-0.26326386679603386,0.3255532488021365
0.6859385879334785,-0.2826715082152888,0.32534229269903325
0.7377531031521987,-0.2959670813116314,0.3607349996868697
0.613030705137055,-0.2622483998368184,0.3213466528977637
0.7452290378508,-0.2960349410118385,0.3300862756170706
0.6092182105278153,-0.25295401949613855,0.3528413419059082
0.7812637618872982,-0.3014047590894155,0.3331478818692386
0.7279027839128966,-0.2895948314011284,0.33502030410963257
0.7830885101466679,-0.3019817444422724,0.3544264890600235
0.7062010054329558,-0.27080575926421696,0.324977636635263
0.6315725378822311,-0.2688291411563105,0.3448438287021077
0.698282178981372,-0.2857488143121744,0.3584795723881204
0.6528372778375711,-0.26760227591848396,0.34789888322595863
0.5975841800650703,-0.25538375461322615,0.33867367184455865
0.6660109757171131,-0.2717774711942861,0.33305061841578454
0.6541214951793565,-0.27487758176820676,0.3153920564361772
0.6980377320818476,-0.2828322752107505,0.3594191340771303
0.7322869724352735,-0.2855608874475871,0.35672114968713026
0.650260213297575,-0.2658199663529413,0.33133678656780985
0.7749802143150873,-0.3042516497790685,0.35003556509582673
0.767381772507777,-0.29961987341095114,0.3543534394410114
0.655872822473055,-0.26704054091378165,0.36011523538626233
0.7170981817420621,-0.2875556746689188,0.3292227936445758
0.6393923155725991,-0.26710831531443724,0.31747955287303614
0.6064904298656008,-0.2563784806728235,0.35252991260729283
0.6803185274127392,-0.2891945251292472,0.370075971435348
0.6749866124409551,-0.27326657795760506,0.33380362928741975
0.6200308595976433,-0.2619236529878832,0.3407707081935113
0.46950096650356565,-0.23092029214409085,0.3283145242560355
0.7072268302221539,-0.278792063444964,0.3603308542312934
0.6073454943500561,-0.261430053659113,0.339986442716518
0.6459904610272035,-0.2708671109747179,0.33447527264351706
0.757565047120931,-0.28915307181903205,0.3119622760706198
0.758302169334355,-0.2995652287186873,0.3283389892547239
0.7240340409840329,-0.29358501971574236,0.3165954611042963
0.7453877097773647,-0.29239124813602946,0.34099088801937827
0.7110863569684155,-0.289098056934043,0.34578478387369305
0.7543339453636904,-0.3141102988754973,0.3367375563181062
0.6275429001368772,-0.2615012511116198,0.32542296067683635
0.6966415184042755,-0.2879244097382718,0.3331494933201794
0.6715598951449026,-0.2700622074807913,0.3360131288861042
0.8504934548632341,-0.32619758692716844,0.32784454264390994
0.6155454952267376,-0.25964778873897204,0.2989567252887632
0.6392181508069563,-0.260704774137283,0.31950624084745916
0.6685702015195448,-0.2777893451003946,0.3464005312263416
0.6562230668409039,-0.2761923111935796,0.34854191343142266
0.70549029374435,-0.2930316913701011,0.3531628019563599
0.7197445560311236,-0.2848488726428972,0.3670521119559882
0.6608499572611494,-0.27518151306348926,0.34296604515102636
0.6848368810431766,-0.28866764246879656,0.35906994665124514
0.7822718745097555,-0.3039776810769086,0.30482698460475133
0.7037958908030402,-0.2857840112073984,0.3451271772692031
0.6893582176191748,-0.28051276191835056,0.3215424728117098
0.682906949305796,-0.2683715981587653,0.347322236271241
0.7974548233535118,-0.3013810441140139,0.3196953366643841
0.7954905335749956,-0.3149107187570222,0.36273689262429337
0.8078900344471089,-0.30552865540019797,0.3067761565486328
0.7209352896185245,-0.29311386950315765,0.3166977719982973
0.6968218449485802,-0.2858522365967939,0.36672285267539395
0.7227886607915693,-0.2885952543729773,0.34955873759348394
0.7023688273702441,-0.2812978787243662,0.35060765911601816
0.6727954159631307,-0.2791976010058153,0.33042871496400433
0.7406215768961066,-0.29595000216161543,0.32662756577966606
0.6453572974547643,-0.2698983364267471,0.3478064356609794
0.7226721711252476,-0.2877136484503479,0.33993156650543277
0.6908716117349936,-0.2864773518763428,0.3292778237984315
0.6154055108380818,-0.2555352058167149,0.3426941366217236
0.6175066119562101,-0.26636655973855966,0.32252196298853786
0.7074947460759324,-0.2806668530361191,0.3401090639523772
0.6467530656357158,-0.2693295968629354,0.3299897026895843
0.7011718992437912,-0.277922936035127,0.32703919555700245
0.7534501298997216,-0.29866463579266506,0.34360512240729835
0.6889801520313293,-0.28259737058622625,0.35834168860822374
0.8266582262032692,-0.3145810727888636,0.32309727185953757
0.8489374450085543,-0.31881833312173874,0.3302647876989467
0.7841565662536322,-0.3019137900384854,0.33132715993708295
0.7866140336620583,-0.30350282758597985,0.36191428490715616
0.7537663940300169,-0.29920803908657956,0.3397111160006243
0.6990311433446413,-0.2813616544314136,0.3466510986215823
0.7248642841877173,-0.28997903025299476,0.33339659543214994
0.7981592705285361,-0.3112018423935518,0.35974890076738997
0.6601470281273822,-0.28325824421596996,0.3285608506589024
0.690915095366918,-0.2705361618911236,0.3412117484094741
0.8031566600464496,-0.31542035988955663,0.3273941781490008
0.7254338135435361,-0.2805559342174098,0.34982182934396916
0.7590209945584303,-0.3022525201358673,0.33956494259731945
0.6679652425572787,-0.27293035716193936,0.3440386441740957
0.5597662006413472,-0.25357198995302543,0.35476897807616237
0.6263854701031336,-0.2691116102272481,0.33752401981935787
0.7532341119954461,-0.2901845237185772,0.3301798164075225
0.6573974735694716,-0.26952527597359915,0.3468320189861231
0.6351606584572406,-0.26834126694189536,0.3142883096480687
0.7416678888778183,-0.30080106018079,0.3383982667359069
0.7805414670628169,-0.29694767021297036,0.3470893192207625
0.7022405834737631,-0.28985948356200186,0.35775795072227873
0.6089371670979787,-0.2699133341496529,0.34262030252787345
0.6751364048966338,-0.26944880782367664,0.3183989606302497
0.7573934258606091,-0.2993694643158986,0.3780370114726361
0.6618471104757894,-0.27272524052003194,0.349836609441541
0.7527843192840546,-0.30929318860717125,0.33358631506319386
0.6718115968677948,-0.2743197870323166,0.3058188559149806
0.6588121167443094,-0.263658586279959,0.3503425347168662
0.591425389657442,-0.2528591017339308,0.3291383505673549
0.6360485284394415,-0.2603664753798369,0.3399736458803997
0.8031552738763655,-0.3032486565086509,0.3389871888905477
0.6617470049911651,-0.28056793631275917,0.32442167319020276
0.6430455301840147,-0.26676284717239146,0.3577015415344543
0.6568210842268013,-0.2655018361431637,0.3267872288391913
0.6682174145812805,-0.27852507461007964,0.347897769120748
0.7647552755822229,-0.2985689228924213,0.31660767158595793
0.7031760875457871,-0.2846166432883841,0.3471240982564464
0.6390756545633418,-0.2691340601812664,0.3243649849761825
0.6128148685732642,-0.2742634061121717,0.34573542211863406
0.7065962233157889,-0.2828800553072372,0.3444711630461844
0.6335814327064507,-0.27576912744452686,0.32393102263071727
0.6183692663198984,-0.26440898907428745,0.36293086124508106
0.6252683410537893,-0.2544042006138331,0.3474644808633269
0.6297291523198083,-0.261293360892202,0.33634182107526817
0.7325547280720466,-0.28639553585611094,0.33063444961331173
0.7175276749295945,-0.28468901604945496,0.3434014261763281
0.6439103894321395,-0.2706529756644225,0.3645913256531562
0.6178627162885836,-0.25579992259049106,0.33906940424316817
0.7275902088584675,-0.30328009390357197,0.31805949857301746
0.7348223310344684,-0.2944560147608919,0.3177226676675509
0.7170997987043054,-0.2879101784588441,0.3267417127901846
0.7386325156125205,-0.2994978848632941,0.3125024388134912
0.7000479067620252,-0.28747749081740426,0.3412055844413326
0.7680451361892268,-0.30726026136969814,0.361351792974086
0.6429791515957295,-0.27108882460420664,0.3352825353669852
0.6398494179125137,-0.27084717215872417,0.32365867110184876
0.6721989417932669,-0.26979627148176794,0.3393967030333155
0.7075207221004891,-0.28966109486403646,0.3334204486783684
0.7669321892648178,-0.3051099403293024,0.3334622621881372
0.8107819077362999,-0.3170816168353696,0.33505097239139037
0.8187033504284527,-0.32089208213251874,0.3528935371073025
0.5475688262145846,-0.24893644675011728,0.3221218479266973
0.7148904359613613,-0.2800396783140746,0.3606428583414225
0.6329043528172303,-0.26445004739791417,0.36076697685651643
0.7896503415095147,-0.30708345536199755,0.3416717268832231
0.6659810370009388,-0.27328324993349407,0.32410408073121655
0.6699967406750181,-0.2790983061252069,0.33876924285732474
0.6155439167067455,-0.26330077633824234,0.3465452692991769
0.6721190772918417,-0.28486227584803914,0.36520161315648136
0.669520083307695,-0.2780280953564778,0.33561338571660776
0.6040085449325737,-0.2607522185082767,0.3452013474805142
0.5961469463615423,-0.2601864729327065,0.34930273591116145
0.6496109056140257,-0.2667485324844882,0.3724255322895361
0.5748383029024501,-0.25525188108371843,0.34027545352081123
0.6908482590510888,-0.27350226769569747,0.3496722824111197
0.6783686456067595,-0.282619730844632,0.37293918334699794
0.5765960004942305,-0.24826929616694166,0.36339613575726015
0.6280315398809176,-0.2643594454237428,0.3478306063189383
0.8279008550982686,-0.31452264007505387,0.32956400484872506
0.8571353404414718,-0.3286174184100134,0.3457230936769679
0.730475516865633,-0.2912072499569636,0.3113919816473611
0.6822578578266894,-0.27837459836329237,0.3562701175674884
0.7266606800071828,-0.2959305056450872,0.32154813928012504
0.6810017183793302,-0.27898670625675687,0.31478623458720284
0.6738481189075667,-0.27804289046835845,0.32295856253880545
0.6856604835414262,-0.28510804422900876,0.3177042102952998
0.7285157800310489,-0.2785015109517552,0.3404393661783467
0.7666781353842438,-0.30363731918818326,0.33826160694683177
0.699814769658928,-0.28618380126057746,0.3244977818860458
0.6133185200969107,-0.25540650319438374,0.34771542873040967
0.5724765777900953,-0.254897608402928,0.33296665574917234
0.69462111961574,-0.28800290808197493,0.3325105117629635
0.6776252447113926,-0.27887781031739123,0.34318076258905866
0.6305559308119701,-0.27283322710792457,0.34059897025936664
0.6524034989919497,-0.2677732984291021,0.32759863819265284
0.705031519558555,-0.28271364261443804,0.34795952273676634
0.5898242249759607,-0.25838637609232973,0.33969612294678636
0.5681326757433115,-0.24202791677204868,0.32762748082221305
0.5912426903537491,-0.258436214577375,0.35072076030597343
0.6281434708488,-0.26150496515292837,0.32251376103625706
0.5866014088649558,-0.25017114063726253,0.3452180886940737
0.6555816090365271,-0.2712216523188361,0.32229777314229496
0.7484320825332281,-0.3046136362326793,0.33131918402122
0.6365747074633532,-0.26752479685243535,0.31802866507330907
0.6024209763518853,-0.25007027417167355,0.3156462849457209
0.6860374334425324,-0.27655622469264507,0.3595069450728704
0.7067877699675411,-0.2841894850060427,0.3226286323242621
0.7339716720808036,-0.2923135356662483,0.3487342801726142
0.7358931345437011,-0.29262284433561514,0.32178204015641804
0.6845871409209088,-0.27246328644151663,0.36717869342625836
0.7281586852712011,-0.28525479604584525,0.35390748977023206
0.7432507693214295,-0.29231196652004765,0.32980014149465403
0.7406221028734888,-0.2911276628338856,0.34583582860753354
0.746594395917224,-0.2998423580245893,0.3346020067998346
0.6392821668775999,-0.26105842770097354,0.33172110243629044
0.6375447403570782,-0.2635809194669794,0.32786911975480676
0.6564489996945027,-0.2688706149755409,0.3273851498542857
0.7150917022465874,-0.2902300557179653,0.3344214557922589
0.6839623673123744,-0.28333805279891966,0.34990974923891766
0.82052487914842,-0.31501726486467546,0.34527517552227605
0.6912348508845575,-0.2885442637928499,0.3611220083501756
0.7447808341490029,-0.2998126545221811,0.34631602380554316
0.6129224105601275,-0.2562718386225896,0.3308819776421273
0.7335799329225704,-0.2986180381434332,0.3395138500386949
0.6204650959192612,-0.252652694056035,0.3496830717759096
0.6123603054232182,-0.2580951397594401,0.3098052071048243
0.6820189339716454,-0.2892697452070637,0.34317306965726313
0.6587235508249212,-0.26891806808618823,0.34657424496433775
0.5980606664449268,-0.25828337081386055,0.3212623942332125
0.6650497221963204,-0.27513686411253035,0.35266838093347175
0.6399899148579492,-0.26634608760454753,0.3316800060152495
0.60001661134427,-0.261625035280423,0.31876365655863825
0.7567092016071397,-0.2989164530634727,0.31360555676694124
0.6606066488351006,-0.28252159648660236,0.38583042866031203
0.686245596770685,-0.2780557967896393,0.34858125949196567
0.669236155477176,-0.2790836908668733,0.3403558507188772
0.7583033449412248,-0.3046733199146253,0.3319547799912115
0.7610849665871762,-0.2900846338392195,0.34783937845259993
0.6767234174954229,-0.279945328870368,0.31823769792005824
0.7280027839818106,-0.30139700291418586,0.34096866263920883
0.6623050215141009,-0.2814300335710306,0.34779968380640647
0.7047307537586028,-0.2851016130468695,0.29411609238087105
0.7318772801414071,-0.28317902087227526,0.332623556337325
0.6931604437453851,-0.28918140512167284,0.35517354023463743
0.7562804168736083,-0.30056241070445816,0.33998882939477315
0.7617955468723038,-0.2987425448747597,0.3566563285825636
0.6973160593011645,-0.2906180191526928,0.3367375213651542
0.677233108169982,-0.28968963084250193,0.30018886343292334
0.6879054968039994,-0.280329072409996,0.3465164663442286
0.735107059669502,-0.2964578618218493,0.3189235500694371
0.6849002950409837,-0.274640055910007,0.35259858108653386
0.7499853925264001,-0.29971184092771963,0.31878299305378094
0.6163756147451441,-0.2602272614431088,0.32205265911147424
0.6387746593763618,-0.2700385298425018,0.32305580636430786
0.6707787386345209,-0.2756630831484205,0.3351106584103717
0.7146076009304602,-0.2813364014736019,0.35371631737941467
0.7364028922819404,-0.3035212884578455,0.34399931956225704
0.6855902584338193,-0.28717589797040716,0.3275557781735307
0.6653937472817613,-0.2764863686784369,0.3333982447548073
0.7786100025820738,-0.2978798247176898,0.3227897579275851
0.6408663916742822,-0.26829331237823456,0.36251047672769754
0.7086131556424466,-0.28510649196846105,0.3544307305390382
0.6621094710107809,-0.2714111812057415,0.3480361655948934
0.629911217931804,-0.27430199838424857,0.36975234157958436
0.5669764596483223,-0.24546318077381712,0.32392835920395463
0.6480163137337982,-0.26649581606376893,0.33337804049100417
0.6484574764872518,-0.2666704627882865,0.3526273359344558
0.669273349421199,-0.2854711108432713,0.32294058187737484
0.6896742030419073,-0.27446393608263153,0.3392245278156546
0.72133584000131,-0.3017349157395016,0.34695284835989343
0.6866466277476483,-0.27513485521028763,0.33279262715472235
0.6981229525309024,-0.2903495057292898,0.3228948394942138
0.7406974846463407,-0.28860073224522576,0.34614475247413445
0.7361718509341482,-0.30080474671007185,0.32567854893070375
0.7344855486947299,-0.28739682730086724,0.3445043151521891
0.7199114906257028,-0.2909888885590605,0.34957008212529483
0.6644114385231906,-0.2666406207799476,0.3240039900349036
0.7381932328492431,-0.29323658111198914,0.3422849897644408
0.732238581882181,-0.2903811462409758,0.3075598337681724
0.7452613070954004,-0.30319192388088184,0.3368985948297366
0.622716243842764,-0.2633199756534852,0.3218783795379765
0.6726616909774622,-0.27476647918155117,0.35789512227994363
0.6719671075206608,-0.27787071998457846,0.33816921816066947
0.77482771065943,-0.3027341011353591,0.3362800046070089
0.654522841237396,-0.26639035009561096,0.3541301921503298
0.6562296585775915,-0.26928760160862036,0.31556041389670825
0.5815064733254345,-0.2607334261576174,0.339289204990851
0.5984078254611261,-0.2603742017863261,0.3426208807319676
0.6396243403682244,-0.26674527564333944,0.3196689561351541
0.6705033731116762,-0.27790385340863705,0.3365697196516605
0.6674972627892584,-0.2643473934482771,0.33853847137565996
0.687436006416236,-0.284295613796443,0.35216772326485024
0.6253492600170691,-0.2704965524461294,0.3258171103074876
0.605957905095514,-0.2565286784399311,0.3669436981090966
0.6499415174240841,-0.2701209697898819,0.3206201540174484
0.6729351384275102,-0.28513471060554335,0.33286644893973927
0.7460970153231401,-0.2864028380178438,0.32789290949492655
0.6923712827789108,-0.2835431493298073,0.31045858117057445
0.6175140430100116,-0.26000493091739274,0.34017975580324666
0.5995338770385377,-0.2646858687069796,0.32886320399822744
0.6609920993840364,-0.2739395726056108,0.3465299779058792
0.5771383243846606,-0.2555577748204445,0.3168600097588998
0.6840878159692443,-0.27023933317156984,0.3287510421298076
0.7879995472052926,-0.29746625370080454,0.3399958080936376
0.7271104263540789,-0.29117424354728444,0.3295419598684745
0.6094781073833968,-0.25831767554946033,0.31516937867547823
0.6507678882583183,-0.2693294047278821,0.32409662284507074
0.645504886889843,-0.2747622254165819,0.3703844827944409
0.7263224421497896,-0.29109837087984614,0.3417157656477114
0.6602350428725664,-0.2745393286495318,0.33249732631678097
0.5935478573288367,-0.25528742118840675,0.3268591566187529
0.6061874014237494,-0.2649872452654438,0.32505605991959796
0.7264288682019732,-0.29733920640266315,0.3163293534623143
0.6923272375518816,-0.29126447088629054,0.3245131933084142
0.6529610915229216,-0.27505121098347923,0.32863632720530606
0.5648530190139966,-0.2444038180677178,0.33187831795753137
0.7215513058809716,-0.289210312534568,0.31884887526204647
0.7035739409811962,-0.2751800361517772,0.3357949998963364
0.6695502691867743,-0.27897162163871336,0.34473589899351303
0.6692936447761205,-0.27499414834222474,0.30894371290398687
0.6551434794485755,-0.266433287639431,0.33623835417860765
0.6401585552009144,-0.2686522511463877,0.33633663168705724
0.6521080088568432,-0.26697084505839375,0.35199810158132355
0.7012577952014967,-0.283351171082343,0.31568244949576046
0.628284470350957,-0.26160730919272296,0.3257416112187201
0.7437193476951778,-0.28576105932710283,0.3468350763550074
0.7813236404770624,-0.30066497720352886,0.3317675950201974
0.6512181135037081,-0.2797968501848489,0.34775673220875813
0.7604972536619674,-0.2935876014531192,0.3379549693442266
0.7515332228695066,-0.30420862174413743,0.3421258635522924
0.721790319860644,-0.29670490925656984,0.3182349266629346
0.7158019354205735,-0.2846615364380315,0.36528975505017336
0.6873698572338186,-0.2712577521493568,0.33229350543910025
0.7670187612126863,-0.3104520723956469,0.3520901071211846
0.6587083734506686,-0.2761225448499129,0.3411236013829048
0.5862696916455741,-0.2620708188703165,0.3279224358869563
0.7394069801929384,-0.2957585353392313,0.33166998862441965
0.7465889784747675,-0.2946905932852193,0.3478143338555074
0.7089427131921213,-0.2811383870462221,0.32498922992610535
0.6703779395348289,-0.2826162289718226,0.3408953736081568
0.6674381521327345,-0.27064354121088946,0.31731939040225116
0.6530450752279491,-0.2702486294039402,0.3310643895969824
0.7069392906980828,-0.29185889575136426,0.3661137570163531
0.7188666656174654,-0.28276978389517454,0.3595635210849566
0.5885325897839269,-0.25802901356422325,0.3443275244755418
0.782533596745936,-0.30344995101630357,0.3590393928968535
0.7065057483811699,-0.29330830756490917,0.3359281145396466
0.6360545617374049,-0.265388324537069,0.3566933470741994
0.6460543974701028,-0.28813926472571816,0.3329327874502944
0.7063140318987109,-0.27854889279443373,0.35187636009166967
0.7470211702228547,-0.28904432225817134,0.37723087777757214
0.7517152688662624,-0.29591462674654,0.33302553474993224
0.7605425983625331,-0.2957131776165301,0.3254618250322524
0.7408824602157686,-0.2994879878579768,0.33098262420977087
0.6919051208804499,-0.262515902008958,0.3413212156556248
0.7383663665991472,-0.2955197176001704,0.31628691381230833
0.6896976979370704,-0.28417657848515104,0.32149228142944974
0.6633353799919436,-0.27834221479986304,0.34840456266136405
0.6912606822154768,-0.2872132236696215,0.31438475021667717
0.6262015775752535,-0.26230664661588826,0.3288428481114496
0.7204593367032073,-0.2818080370252262,0.3556699574653882
0.7903203837894803,-0.30483529999601205,0.3547743727459416
0.8606372047634347,-0.3244795723953759,0.32618230297637196
0.7111684026561946,-0.2883351666115054,0.33694328060860435
0.7333658500196413,-0.29752517699375675,0.32681106251352143
0.6830280377229309,-0.2811313150192053,0.3213596196654097
0.6046735142972983,-0.2609796204914972,0.319699554378301
0.7078592457493309,-0.28675163845197693,0.33323537643663714
0.7397602047154149,-0.3003781617045467,0.33406849061652155
0.741837910525033,-0.28979428539279467,0.33107020601159076
0.7683860214760133,-0.298873648546454,0.37800498030995533
0.7350955761138842,-0.30207430382085987,0.3569368183326414
0.6094258048769252,-0.2622648268370793,0.3389780738735409
0.7700046513673096,-0.3079594593724355,0.33979337406423815
0.7283231547664434,-0.2921599152704508,0.33556970407445413
0.6466242795259759,-0.27671990268693636,0.3503076841767611
0.7302954722858702,-0.29168920009689486,0.3407243594876341
0.7144895032802292,-0.2877975954348477,0.34063935649392685
0.8118586568805094,-0.31897731594376927,0.33127233498247566
0.7558213256878775,-0.2971153960253529,0.3234793421450492
0.6499227166694911,-0.27525945411002867,0.3382579668451778
0.7043849030339285,-0.28196031073006883,0.3393747386874687
0.7455260054439592,-0.3058973618985228,0.33602706309135594
0.7902023576139436,-0.31256143057056146,0.3101700799896261
0.7816781125254986,-0.3096014266435144,0.3292423284543159
0.6329245815578421,-0.2668405473713406,0.3236522013058695
0.6201314246320265,-0.2625830992877054,0.34463305831545493
0.5682104797257811,-0.24867946079750414,0.3417705430217519
0.7046229646578418,-0.2847808578429202,0.35055388515619157
0.6044870095503128,-0.26511889326092164,0.32456057769393976
0.660341400265987,-0.2861018666863545,0.3168945685562409
0.65836768662488,-0.2722088296733775,0.3231370185288158
0.711846189398757,-0.28082099792871923,0.3320046031653854
0.7246641994058337,-0.2885109822564095,0.3019714408409754
0.6691407527041808,-0.2749080924740681,0.3468613737771434
0.5867854513744765,-0.2597546639624399,0.3282872422995145
0.633326619402202,-0.2702795427711478,0.3643010847912129
0.6337412037580331,-0.26442699808541303,0.3553864840172876
0.7035719492202931,-0.2835753453138576,0.33291199979099373
0.7560345787414015,-0.30196315244683863,0.3381474138432625
0.704535198135849,-0.2791085305619439,0.33222588030292727
0.6229081531081773,-0.2695898208445615,0.3283293649150334
0.5888603877767044,-0.2640147579432067,0.3312063579688334
0.6488320479151992,-0.2715156369226231,0.33344713237862106
0.7590674917694755,-0.3011881909102412,0.3145567583952491
0.7141733293414635,-0.2947737968685778,0.3300524613160798
0.7218610853533627,-0.2824562053246744,0.358013566410989
0.6472390115324902,-0.26865840178806466,0.346231505926396
0.6594837816203774,-0.2725897018069932,0.38360204639666534
0.6256047710829427,-0.26159639475193347,0.3473748626824663
0.6869883391424629,-0.28119982359575235,0.35993480534521644
0.7274434073836026,-0.297194270821219,0.341967642269518
0.6190001194714062,-0.27172599308023876,0.31948663038636865
0.5550036589332755,-0.24119506374478636,0.34609856177344295
0.7147709528965913,-0.290901435140692,0.3282649652115446
0.6201674557373678,-0.2670853195273221,0.3413612873289192
0.7262489855981457,-0.2854112542447364,0.30708715801325215
0.7551110679780978,-0.30515976218981455,0.31580467794732103
0.7508184092162205,-0.2968830179100809,0.35251337992412735
0.7332504259427638,-0.2934008909918827,0.36163776342759746
0.668305098015307,-0.2846375952238903,0.3180261268916737
0.7281581636577431,-0.29395620802618244,0.31260951017104954
0.7311125047384107,-0.29793418521693593,0.31319061396513076
0.7402951559831574,-0.2948595664217722,0.32259007038411797
0.7279659211640878,-0.2866715572585402,0.3598712643314372
0.6383922905510723,-0.27325935503935284,0.3559485952658543
0.7638054340095394,-0.29654353879648976,0.3394093166566189
0.7652995772055561,-0.30366299401841634,0.34505841850514846
0.6934255926577093,-0.28264570434568914,0.3424991355945408
0.676120925561015,-0.27439592963030085,0.31188764873662195
0.6324794142936233,-0.26529126391301766,0.3361101147742177
0.6139772850154054,-0.2658289519404095,0.332793862420546
0.5459669563974426,-0.23251561064458873,0.31817507797893474
0.588276510492984,-0.2607242576038517,0.34468484087176676
0.5536939355657483,-0.23498043931951748,0.32087785556528103
0.6395111535346921,-0.2676355206113273,0.33936385850188977
0.6935852232920927,-0.2789690448550507,0.3353148601149368
0.6348013660685304,-0.2630975322819008,0.3389592795376503
0.7224491589967712,-0.2887749070320953,0.33062808449159103
0.6261817543972491,-0.2605636835687885,0.34404646660724875
0.5988564714979066,-0.24499736268927452,0.33987427202716297
0.7472672265913832,-0.2957890696593061,0.34270123938737446
0.6462636682161007,-0.27667231175743634,0.32242703508200227
0.6226491043720623,-0.2575618390698154,0.34504452095811916
0.6105915609247777,-0.2668762585170486,0.332592279602201
0.6441644382975922,-0.27888828158521595,0.3136457359725977
0.6700366462159211,-0.279132100770229,0.2986944635933665
0.6757210376383878,-0.2730165629913114,0.3166072671544902
0.7047294014530413,-0.28733610139849625,0.32956220366274147
0.6206523926958052,-0.2666353872293858,0.34311622409900394
0.6096314771898973,-0.2647156544607307,0.355359142234781
0.6348030787048513,-0.2616667815295167,0.31463772268829776
0.6739787905759136,-0.27708154123165873,0.32278054977679976
0.7056186782969772,-0.27906738150818955,0.3235111151997337
0.6668444251715596,-0.2790492784648312,0.3525576193577073
0.6009085750859073,-0.2699929356575452,0.3178313257447749
0.5884686211288513,-0.260411119518921,0.35810608751396766
0.6401859648567716,-0.2701005181390496,0.31585358884388626
0.7498256619559057,-0.29631392130873263,0.3145631831029648
0.6735388379896138,-0.27686801949835355,0.33189345652936664
0.6255819110799866,-0.2617069871947397,0.32352375094336916
0.5543259820843455,-0.2460652721821302,0.33229413430634835
0.6001207602889704,-0.26239532945000815,0.34234705099422946
0.7354635971624909,-0.30025610420051907,0.32969358711450136
0.7201200639113279,-0.28685861066785756,0.3096913117444778
0.7081094918025036,-0.288860430163904,0.3442210615359148
0.6347911696834491,-0.2575827919117761,0.3284767115159476
0.5986098628739127,-0.25911166507466254,0.34411254388243084
0.5871733978309716,-0.2562032762898184,0.3229217291863384
0.6262984418947222,-0.2678095999682228,0.3346451790668884
0.6807425610616318,-0.2815453345231313,0.33746386219646646
0.6747947694046125,-0.2758171186873476,0.31755736797886236
0.6171540629965553,-0.26192319954509075,0.31542823576172613
0.7146998812324689,-0.28144979949727145,0.34538937789256624
0.7117320556815884,-0.2957221231800918,0.3160116298920348
0.603551811545327,-0.25553122852339183,0.3240999021962188
0.6570457038901643,-0.27725147943890943,0.3273619848081492
0.6916532140998588,-0.272669656671952,0.3279906982463386
0.7684063770978056,-0.3065337252758685,0.3436097905160471
0.7433576343893701,-0.29779809253561546,0.3313575887166687
0.7228026013918104,-0.3006563441631551,0.33475436232192135
0.6176435786052469,-0.2682611323573033,0.32387414320811764
0.7352538754750294,-0.2914755011448275,0.35995912301929206
0.7975294117276271,-0.32161850137022574,0.35290744481523845
0.7123021150925224,-0.2889883246472582,0.35067261729616
0.7950752189129997,-0.31146746742961023,0.3522939960160841
0.7064247866211522,-0.29141563588063,0.33359605421427885
0.67437626322901,-0.27786363512950224,0.34561904726066806
0.7375150253048026,-0.2951660895650341,0.3076243390303084
0.6944740633952627,-0.27891874141631806,0.3728449057588935
0.718580474603433,-0.29048049842301077,0.344189502766802
0.6368774858341526,-0.2668421146226899,0.3511990087587431
0.48637355721541076,-0.23728677397848932,0.3506489767335253
0.5558299929836628,-0.2387684735367028,0.3383469560288078
0.6535012057781809,-0.27174816069614094,0.3405749640013983
0.688258876970585,-0.27189583927725985,0.3331635712433427
0.6221654468597813,-0.26410760181667875,0.3282388966991522
0.6116066495339662,-0.2681292835322514,0.3660042732638409
0.710402665625891,-0.29235357704958503,0.36912198015548414
0.5321292030034261,-0.2444312736092017,0.34604527532889795
0.6460217594317798,-0.2621835754408148,0.34234014610808605
0.6722496569631194,-0.27980547906737596,0.35321574807219835
0.6267978634167479,-0.27619253969801505,0.3494302191180682
0.6240624317924576,-0.25918610337050196,0.3630341542199588
0.6569494266279808,-0.2578474718765366,0.32127579392340033
0.559025371721107,-0.25161125163123366,0.38752680206308954
0.624595965882271,-0.2595327386337914,0.3462159938721152
0.6182091175027565,-0.26975228438256854,0.33719301530238033
0.5854180087420099,-0.2538380475672245,0.34113324193855604
0.6822757141064152,-0.27385170271755455,0.3105249395751991
0.6519532923354636,-0.2617185751350145,0.35481278238546443
0.6072313472506483,-0.2546022207716133,0.33576615991661135
0.6395170574703374,-0.27416928524243644,0.34420840996979113
0.7392595286780161,-0.29132122914722725,0.34767255787427676
0.7310209308612841,-0.28569942166519213,0.37859471329034705
0.7672307762340778,-0.29664709989460997,0.33245037487433376
0.6431947811198041,-0.27600130209648416,0.31608935754732564
0.5750257467959672,-0.25794571308267317,0.31627974260993114
0.6716108348576669,-0.27021283073815777,0.3360447004661181
0.7364808424014239,-0.2912744969005112,0.3216303750389421
0.6769164859207761,-0.2729325262938387,0.34136716563598757
0.7481650183827886,-0.29162628070269614,0.34507088542622993
0.6907962239214215,-0.2840560187235392,0.3350808191450558
0.7503358228573891,-0.29581254196253925,0.33889414519169503
0.6990540635183999,-0.26995485644076084,0.3724402815567263
0.6892447626416023,-0.2738943685445225,0.3294683166705766
0.6731184174844788,-0.2789929262637521,0.318473588207492
0.7042294892739861,-0.2792279633366378,0.32490699613874674
0.6675729011601576,-0.2743489428722805,0.34299422624085385
0.6651892298428779,-0.27047326653938375,0.3401595663276373
0.5888808308783723,-0.2586097030424317,0.3237699233172825
0.6649007195321458,-0.2731403891516741,0.33073940924685113
0.7239768251001255,-0.29839615405677256,0.32900141705415237
0.701169759899711,-0.2867849232446536,0.3560915378415751
0.6064129358280845,-0.264847606156211,0.31176285471360543
0.6116946635394508,-0.2608733518212538,0.3398614721412696
0.618256691233588,-0.2593071129433492,0.34562226573352806
0.6583731600577755,-0.27329884565291374,0.36260280320707017
0.6643238800532532,-0.2702114127221123,0.3277449785297664
0.6319391352757133,-0.2589126906946878,0.35736260493433114
0.6711052383092154,-0.27848528259749145,0.38189522126511266
0.7305394702792696,-0.3007517901627529,0.3381663850735102
0.8139868913868229,-0.3195054850273867,0.3597615157788405
0.6777965917108649,-0.2847755142778626,0.36803641326432274
0.6200301408613814,-0.26824862860906007,0.32212057704016567
0.7725822166968316,-0.3022318592398465,0.34505538317698103
0.745932735655209,-0.3032913743315813,0.32482799367977455
0.6876012751671509,-0.28085187275091555,0.32574063516113955
0.6246357925672984,-0.26848103177430893,0.3527140773090304
0.6119090361702109,-0.2638983461640994,0.34349460986693803
0.7434557360147611,-0.2987063045127089,0.32257843535791164
0.6988648584703444,-0.2841335743061241,0.3449850785231586
0.6663175241204444,-0.27516305476070496,0.3330152332186911
0.6893929357745588,-0.283701140452724,0.3438073855037436
0.7258603725291317,-0.29726998359911894,0.31534370412239143
0.6081061858131277,-0.25633618788469376,0.3591950090360554
0.7206790384888466,-0.29002514841633387,0.3521976817706283
0.8195984962838081,-0.31948563571782834,0.3408045952144822
0.7573361525854714,-0.3024375306129268,0.30982761416334254
0.5978007376552422,-0.26466787121320046,0.35143137812496694
0.5722395708720502,-0.24952414911293383,0.3272988989572882
0.6411911334741383,-0.257998036750869,0.3383206818260161
0.7754323586598805,-0.3016500001308001,0.32485336684856
0.7243886956106902,-0.29224024608595894,0.309481929980457
0.6216446518578062,-0.2600012819457687,0.3681080220220018
0.6355593304983259,-0.2680094136949648,0.3352471848728354
0.6144232015300782,-0.2610746470905737,0.35854681862383875
0.6503465978121314,-0.28112371408495535,0.3268299500521022
0.6242405077435769,-0.26127774915091145,0.3293113648763123
0.7485049171387175,-0.2942140263754021,0.32716000319205935
0.6976792436010912,-0.285655705246425,0.3517080248875718
0.7014409836595048,-0.28870538537410817,0.3259689005158343
0.7981790093949097,-0.31399530093394146,0.34527665923080886
0.6940779659723592,-0.28078913480559864,0.3542957146046098
0.5908374013054961,-0.24696304015924953,0.3718255908568459
0.7132044028712512,-0.2860859031870111,0.34353050733362234
0.8082547426896195,-0.32310862033151694,0.33331467552505656
0.6812664668790464,-0.282116134881867,0.34266674922994306
0.7097362670599767,-0.2931350119923518,0.34379813941965415
0.7188130124403703,-0.28637694907526595,0.32780874256911546
0.7608772217543113,-0.30074014003015287,0.3548202229434035
0.7471766483136897,-0.301120588969255,0.3552256242292332
0.6593583319548333,-0.28253181332972865,0.3287445820539528
0.6859919135661269,-0.27968321509998123,0.3202751908459985
0.674541129485062,-0.27092091258428597,0.30800226073714326
0.683658272750784,-0.2758284488224936,0.3262079680957402
0.6359675240736891,-0.265874586312321,0.35515210980062645
0.6286616367337328,-0.26472789876729397,0.35185509025828215
0.5468363323915123,-0.2507846849730591,0.3450319830190013
0.6604224270490958,-0.2633308148813666,0.33549838031942747
0.6350150314890839,-0.2546296979738489,0.3739344719251143
0.7342111428720689,-0.28934718900404344,0.3549414884940436
0.6391620724578736,-0.27379383092264,0.33490501901168995
0.6829034176735784,-0.27616407102989354,0.3233152186841099
0.6957004673728763,-0.29263687913454883,0.33880400824101625
0.6617260943898655,-0.2825390354059799,0.362708341491043
0.7001878456123029,-0.2870868101625103,0.3402566210221098
0.6662160320095706,-0.26986142972537647,0.3534712742664597
0.6355288879134072,-0.26422499091924484,0.3455976046791598
0.6790252426021757,-0.27658362441646234,0.34801107301252515
0.646506781573261,-0.269310742189482,0.32729649763562807
0.7222376784176991,-0.28736821676117763,0.33219271684552176
0.6840553908568603,-0.27646708631655614,0.33665940644604797
0.6842688075401253,-0.28443872104617385,0.31875633171594037
0.7012337837726254,-0.2764067260308123,0.34924266549081284
0.7545601484987088,-0.2946980104126917,0.3514194925310806
0.7959322878246027,-0.3152181332641152,0.32131092345375495
0.6215251700799737,-0.2703395043076831,0.35556830267004413
0.5585875596232058,-0.24809279513462282,0.3304870225771042
0.6719960019981845,-0.27619800963342156,0.33898514748912745
0.6802551339845564,-0.2791620361030289,0.35078258496682135
0.6538992849253527,-0.28245443968128015,0.3264490659363328
0.7556883427987153,-0.3024607640128103,0.32015772203483356
0.6892116316636826,-0.2915090047420046,0.32734314344934184
0.6358647362448574,-0.2694032709712502,0.33278089960701296
0.6970255767268555,-0.28396590880051126,0.3122112754403844
0.6075578532042865,-0.2652628016963096,0.3540082278566385
0.6519572817482409,-0.26748149638659174,0.3416920938129803
0.6058969458153882,-0.25894554998940617,0.3555139342587559
0.7025043040160384,-0.2843516508470017,0.3339230917133615
