species,patch_id,pu_id,patch_area_km2
Acrocephalus newtoni,24361,153,8.60210850946224
Acrocephalus newtoni,24527,153,5.32263853827572
Acrocephalus newtoni,5999,178,13.59604583101
Acrocephalus newtoni,24639,178,0.729973824636698
Acrocephalus newtoni,24579,180,68.1560766921931
Acrocephalus newtoni,8564,181,79.430129254603
Acrocephalus newtoni,24632,181,91.0064775499647
Acrocephalus newtoni,24633,181,10.4840868931254
Acrocephalus newtoni,24638,181,25.9222058385802
Acrocephalus newtoni,24640,181,55.0491062707695
Acrocephalus newtoni,24641,181,2.48540128049296
Alectroenas madagascariensis,1524,9,79.430129254603
Alectroenas madagascariensis,6566,9,68.1560766921931
Alectroenas madagascariensis,6604,9,91.0064775499647
Alectroenas madagascariensis,6605,9,10.4840868931254
Alectroenas madagascariensis,6610,9,25.9222058385802
Alectroenas madagascariensis,6611,9,55.0491062707695
Alectroenas madagascariensis,6612,9,2.48540128049296
Apus balstoni,2656,57,79.430129254603
Apus balstoni,7916,57,68.1560766921931
Apus balstoni,7957,57,91.0064775499647
Apus balstoni,7958,57,10.4840868931254
Apus balstoni,7963,57,25.9222058385802
Apus balstoni,7964,57,55.0491062707695
Apus balstoni,7965,57,2.48540128049296
Artamella viridis,10942,72,28.8566036373596
Artamella viridis,5969,84,79.430129254603
Artamella viridis,17679,84,68.1560766921931
Artamella viridis,17720,84,91.0064775499647
Artamella viridis,17721,84,10.4840868931254
Artamella viridis,17726,84,25.9222058385802
Artamella viridis,17727,84,55.0491062707695
Artamella viridis,17728,84,2.48540128049296
Asio madagascariensis,235,1,79.430129254603
Asio madagascariensis,1681,1,68.1560766921931
Asio madagascariensis,1712,1,91.0064775499647
Asio madagascariensis,1713,1,10.4840868931254
Asio madagascariensis,1718,1,25.9222058385802
Asio madagascariensis,1719,1,55.0491062707695
Atelornis crossleyi,4,1,55.0491062707695
Atelornis crossleyi,7,1,84.0122873548375
Atelornis crossleyi,233,1,10.4840868931254
Atelornis crossleyi,236,1,25.9222058385802
Atelornis crossleyi,237,1,52.092656766269
Atelornis crossleyi,238,1,2.48540128049296
Atelornis pittoides,110,2,91.0064775499647
Atelornis pittoides,1161,2,68.1560766921931
Atelornis pittoides,1170,2,79.430129254603
Atelornis pittoides,1171,2,10.4840868931254
Atelornis pittoides,1176,2,25.9222058385802
Atelornis pittoides,1177,2,2.48540128049296
Atelornis pittoides,1183,2,55.0491062707695
Athene superciliaris,558,16,73.6173209546431
Athene superciliaris,3678,16,25.9222058385802
Athene superciliaris,3682,16,68.1560766921931
Athene superciliaris,3709,16,26.0545707097365
Athene superciliaris,3710,16,79.430129254603
Athene superciliaris,3738,16,7.90908966546149
Athene superciliaris,3739,16,2.48540128049296
Avahi laniger,5726,8,10.4840868931254
Avahi laniger,5737,276,44.4444424756786
Avahi laniger,5740,277,25.9222058385802
Avahi laniger,94,214,79.430129254603
Avahi laniger,5730,275,68.1560766921931
Bernieria madagascariensis,21993,111,8.60210850946224
Bernieria madagascariensis,22146,111,5.32263853827572
Bernieria madagascariensis,5434,135,13.59604583101
Bernieria madagascariensis,22229,135,0.729973824636698
Bernieria madagascariensis,7283,138,79.430129254603
Bernieria madagascariensis,22222,138,91.0064775499647
Bernieria madagascariensis,22223,138,10.4840868931254
Bernieria madagascariensis,22228,138,25.9222058385802
Bernieria madagascariensis,22230,138,55.0491062707695
Bernieria madagascariensis,22231,138,2.48540128049296
Bernieria madagascariensis,22178,139,68.1560766921931
Brachypteracias leptosomus,91,1,91.0064775499647
Brachypteracias leptosomus,919,1,68.1560766921931
Brachypteracias leptosomus,943,1,79.430129254603
Brachypteracias leptosomus,944,1,10.4840868931254
Brachypteracias leptosomus,949,1,25.9222058385802
Brachypteracias leptosomus,950,1,2.48540128049296
Brachypteracias leptosomus,956,1,55.0491062707695
Brachyuromys betsileoensis,471,25,27.3374724883343
Brachyuromys betsileoensis,484,25,25.1232604113562
Brachyuromys betsileoensis,3097,184,8.60210850946224
Brachyuromys betsileoensis,483,212,21.81014555976
Brachyuromys betsileoensis,3108,214,7.90908966546149
Brachyuromys ramirohitra,1,1,12.9611063527919
Bradypterus brunneus,119,70,25.9222058385802
Bradypterus brunneus,121,72,68.1560766921931
Bradypterus brunneus,114,73,79.430129254603
Bradypterus brunneus,115,73,82.9080620071125
Bradypterus brunneus,122,73,55.0491062707695
Bradypterus brunneus,123,73,2.48540128049296
Bradypterus seebohmi,1,1,5.32263853827572
Bradypterus seebohmi,2,1,8.60210850946224
Calicalicus madagascariensis,22460,138,8.60210850946224
Calicalicus madagascariensis,22624,138,5.32263853827572
Calicalicus madagascariensis,15189,147,11.972503251403
Calicalicus madagascariensis,5220,163,13.59604583101
Calicalicus madagascariensis,22706,163,0.729973824636698
Calicalicus madagascariensis,22656,166,68.1560766921931
Calicalicus madagascariensis,6959,167,79.430129254603
Calicalicus madagascariensis,22699,167,91.0064775499647
Calicalicus madagascariensis,22700,167,10.4840868931254
Calicalicus madagascariensis,22705,167,25.9222058385802
Calicalicus madagascariensis,22707,167,55.0491062707695
Calicalicus madagascariensis,22708,167,2.48540128049296
Cheirogaleus crossleyi,61,12,55.0491062707695
Cheirogaleus crossleyi,62,13,44.4444424756786
Cheirogaleus crossleyi,63,14,40.0466211771359
Cheirogaleus crossleyi,530,75,8.60210850946224
Cheirogaleus major,14964,659,8.60210850946224
Cheirogaleus major,15085,741,5.32263853827572
Cheirogaleus major,3518,717,79.430129254603
Cheirogaleus major,15133,742,91.0064775499647
Cheirogaleus major,15143,742,0.184072254174531
Cheirogaleus major,15146,742,0.184041877538681
Cheirogaleus major,15140,743,55.0491062707695
Cheirogaleus major,15106,734,68.1560766921931
Cheirogaleus major,15134,740,10.4840868931254
Cheirogaleus major,15139,744,25.9222058385802
Cheirogaleus medius,15310,2411,28.8566036373596
Cheirogaleus medius,22941,2487,5.12793193025422
Cheirogaleus medius,5608,2491,13.59604583101
Cheirogaleus medius,24563,2491,0.729973824636698
Cinnyris notatus,60421,213,8.60210850946224
Cinnyris notatus,60579,213,5.32263853827572
Cinnyris notatus,15498,239,13.59604583101
Cinnyris notatus,60666,239,0.729973824636698
Cinnyris notatus,60615,241,68.1560766921931
Cinnyris notatus,21168,242,79.430129254603
Cinnyris notatus,60659,242,91.0064775499647
Cinnyris notatus,60660,242,10.4840868931254
Cinnyris notatus,60665,242,25.9222058385802
Cinnyris notatus,60667,242,55.0491062707695
Cinnyris notatus,60668,242,2.48540128049296
Cinnyris notatus,60669,242,0.0920423038831353
Cinnyris notatus,60670,242,0.184072254174531
Cinnyris notatus,60671,242,0.0920220651561618
Cinnyris notatus,60672,242,0.0920220651561618
Cinnyris notatus,60673,242,0.184041877538681
Cinnyris notatus,43036,244,23.9423021749655
Copsychus albospecularis,9908,33,8.60210850946224
Copsychus albospecularis,10005,33,5.32263853827572
Copsychus albospecularis,2029,45,79.430129254603
Copsychus albospecularis,10054,45,91.0064775499647
Copsychus albospecularis,10055,45,10.4840868931254
Copsychus albospecularis,10060,45,25.9222058385802
Copsychus albospecularis,10061,45,55.0491062707695
Copsychus albospecularis,10062,45,2.48540128049296
Copsychus albospecularis,10024,48,68.1560766921931
Coracopsis nigra,2388,14,79.430129254603
Coracopsis nigra,8091,14,68.1560766921931
Coracopsis nigra,8132,14,91.0064775499647
Coracopsis nigra,8133,14,10.4840868931254
Coracopsis nigra,8138,14,25.9222058385802
Coracopsis nigra,8139,14,55.0491062707695
Coracopsis nigra,8140,14,2.48540128049296
Corythornis madagascariensis,1733,32,79.430129254603
Corythornis madagascariensis,5176,32,68.1560766921931
Corythornis madagascariensis,5212,32,91.0064775499647
Corythornis madagascariensis,5213,32,10.4840868931254
Corythornis madagascariensis,5218,32,25.9222058385802
Corythornis madagascariensis,5219,32,55.0491062707695
Corythornis madagascariensis,5220,32,2.48540128049296
Coua caerulea,124,2,79.430129254603
Coua caerulea,1063,2,68.1560766921931
Coua caerulea,1093,2,91.0064775499647
Coua caerulea,1094,2,10.4840868931254
Coua caerulea,1099,2,25.9222058385802
Coua caerulea,1100,2,55.0491062707695
Coua cristata,1692,12,79.430129254603
Coua cristata,4988,12,68.1560766921931
Coua cristata,5026,12,91.0064775499647
Coua cristata,5027,12,10.4840868931254
Coua cristata,5032,12,25.9222058385802
Coua cristata,5033,12,55.0491062707695
Coua cristata,5034,12,2.48540128049296
Coua reynaudii,54,2,79.430129254603
Coua reynaudii,64,2,91.0064775499647
Coua reynaudii,872,2,68.1560766921931
Coua reynaudii,913,2,7.90908966546149
Coua reynaudii,915,2,12.9610994857883
Coua reynaudii,916,2,55.0491062707695
Coua reynaudii,917,2,2.48540128049296
Coua serriana,134,6,79.430129254603
Coua serriana,1171,6,68.1560766921931
Coua serriana,1180,6,91.0064775499647
Coua serriana,1182,6,2.57499722766394
Coua serriana,1183,6,12.9610994857883
Coua serriana,1184,6,55.0491062707695
Coua serriana,1185,6,2.48540128049296
Crossleyia xanthophrys,26,8,55.0491062707695
Crossleyia xanthophrys,27,9,26.5953196017942
Crossleyia xanthophrys,28,9,17.3891565953218
Crossleyia xanthophrys,425,9,2.48540128049296
Crossleyia xanthophrys,29,10,28.1094555150577
Crossleyia xanthophrys,424,10,20.0213294963573
Cryptosylvicola randrianasoloi,15,4,26.9693963549129
Cryptosylvicola randrianasoloi,22,4,28.994535561033
Cryptosylvicola randrianasoloi,35,7,25.9510605326321
Cryptosylvicola randrianasoloi,42,9,7.90908966546149
Cryptosylvicola randrianasoloi,509,43,5.32263853827572
Cryptosylvicola randrianasoloi,521,43,8.60210850946224
Cryptosylvicola randrianasoloi,52,49,48.134747195836
Cryptosylvicola randrianasoloi,527,50,12.9610994857883
Cyanolanius madagascarinus,25527,130,8.60210850946224
Cyanolanius madagascarinus,25680,130,5.32263853827572
Cyanolanius madagascarinus,18365,136,28.8566036373596
Cyanolanius madagascarinus,9004,146,79.430129254603
Cyanolanius madagascarinus,25760,146,91.0064775499647
Cyanolanius madagascarinus,25761,146,10.4840868931254
Cyanolanius madagascarinus,25766,146,25.9222058385802
Cyanolanius madagascarinus,25768,146,55.0491062707695
Cyanolanius madagascarinus,25769,146,2.48540128049296
Cyanolanius madagascarinus,6827,156,13.59604583101
Cyanolanius madagascarinus,25767,156,0.729973824636698
Cyanolanius madagascarinus,25716,158,68.1560766921931
Daubentonia madagascariensis,5478,186,27.3374724883343
Daubentonia madagascariensis,5479,186,6.99419019512749
Echinops telfairi,3955,634,28.8566036373596
Eliurus grandidieri,7,3,28.9945355610228
Eliurus grandidieri,13,6,28.1094555150568
Eliurus grandidieri,6,2,26.9693963549129
Eliurus grandidieri,8,4,12.9610994857883
Eliurus majori,9371,565,5.32263853827572
Eliurus majori,9479,624,8.60210850946224
Eliurus majori,1296,616,79.430129254603
Eliurus majori,9552,625,91.0064775499647
Eliurus majori,9562,625,0.184072254174531
Eliurus majori,9563,625,0.0920220651561618
Eliurus majori,9564,625,0.0920220651561618
Eliurus majori,9565,625,0.184041877538681
Eliurus majori,9559,626,55.0491062707695
Eliurus majori,9553,620,10.4840868931254
Eliurus majori,9558,623,25.9222058385802
Eliurus minor,9973,1701,8.60210850946224
Eliurus minor,10106,1950,5.32263853827572
Eliurus minor,3138,1917,79.430129254603
Eliurus minor,10174,1951,91.0064775499647
Eliurus minor,10184,1951,0.184072254174531
Eliurus minor,10181,1952,55.0491062707695
Eliurus minor,10182,1953,2.48540128049296
Eliurus minor,10139,1922,68.1560766921931
Eliurus minor,10175,1943,10.4840868931254
Eliurus minor,10180,1949,25.9222058385802
Eliurus myoxinus,14713,1800,28.8566036373596
Eliurus myoxinus,22891,1886,5.12793193025422
Eliurus myoxinus,5192,1907,13.59604583101
Eliurus myoxinus,24876,1907,0.729973824636698
Eliurus myoxinus,24734,1982,91.0064775499647
Eliurus myoxinus,24879,1982,0.184072254174531
Eliurus myoxinus,24880,1982,0.0920220651561618
Eliurus myoxinus,24881,1982,0.0920220651561618
Eliurus myoxinus,24882,1982,0.184041877538681
Eliurus myoxinus,24869,2005,79.430129254603
Eliurus myoxinus,24805,1985,40.0466211771359
Eliurus myoxinus,24868,1999,55.0491062707695
Eliurus myoxinus,24870,2000,10.4840868931254
Eliurus myoxinus,24875,2004,25.9222058385802
Eliurus tanala,11482,724,8.60210850946224
Eliurus tanala,11544,798,5.32263853827572
Eliurus tanala,1592,789,79.430129254603
Eliurus tanala,11552,799,91.0064775499647
Eliurus tanala,11562,799,0.184072254174531
Eliurus tanala,11563,799,0.0920220651561618
Eliurus tanala,11564,799,0.0920220651561618
Eliurus tanala,11565,799,0.184041877538681
Eliurus tanala,11559,800,55.0491062707695
Eliurus tanala,11553,794,10.4840868931254
Eliurus tanala,11558,797,25.9222058385802
Eliurus webbi,14954,891,8.60210850946224
Eliurus webbi,15075,976,5.32263853827572
Eliurus webbi,3597,944,79.430129254603
Eliurus webbi,15129,977,91.0064775499647
Eliurus webbi,15139,977,0.184072254174531
Eliurus webbi,15140,977,0.0920220651561618
Eliurus webbi,15141,977,0.0920220651561618
Eliurus webbi,15142,977,0.184041877538681
Eliurus webbi,15136,978,55.0491062707695
Eliurus webbi,15098,949,68.1560766921931
Eliurus webbi,15130,969,10.4840868931254
Eliurus webbi,15135,975,25.9222058385802
Eulemur albifrons,1682,94,79.430129254603
Eulemur albifrons,4561,94,6.99419019512749
Eulemur albifrons,4565,94,0.184041877538681
Eulemur albifrons,4562,153,55.0491062707695
Eulemur albifrons,4534,152,68.1560766921931
Eulemur cinereiceps,31468,610,8.60210850946224
Eulemur cinereiceps,7203,625,13.59604583101
Eulemur cinereiceps,31700,625,0.729973824636698
Eulemur cinereiceps,10783,681,79.430129254603
Eulemur cinereiceps,31693,681,91.0064775499647
Eulemur cinereiceps,31704,681,0.184072254174531
Eulemur cinereiceps,31707,681,0.184041877538681
Eulemur cinereiceps,31694,698,10.4840868931254
Eulemur cinereiceps,31699,699,25.9222058385802
Eulemur cinereiceps,31701,700,55.0491062707695
Eulemur cinereiceps,31656,696,68.1560766921931
Eulemur cinereiceps,22476,697,28.8566036373596
Eulemur collaris,5014,478,13.59604583101
Eulemur collaris,21996,478,0.729973824636698
Eulemur collaris,7397,528,79.430129254603
Eulemur collaris,21989,528,91.0064775499647
Eulemur collaris,21995,543,25.9222058385802
Eulemur collaris,21997,544,55.0491062707695
Eulemur collaris,21952,541,68.1560766921931
Eulemur collaris,15286,542,28.8566036373596
Eulemur coronatus,11295,459,27.3374724883343
Eulemur coronatus,11296,459,6.99419019512749
Eulemur coronatus,11303,459,0.184041877538681
Eulemur fulvus,32718,564,8.60210850946224
Eulemur fulvus,7428,578,13.59604583101
Eulemur fulvus,32950,578,0.729973824636698
Eulemur fulvus,11143,633,79.430129254603
Eulemur fulvus,32943,633,91.0064775499647
Eulemur fulvus,32954,633,0.184072254174531
Eulemur fulvus,32957,633,0.184041877538681
Eulemur fulvus,32944,650,10.4840868931254
Eulemur fulvus,32949,651,25.9222058385802
Eulemur fulvus,32951,652,55.0491062707695
Eulemur fulvus,32906,648,68.1560766921931
Eulemur fulvus,23410,649,28.8566036373596
Eulemur macaco,8184,192,8.60210850946224
Eulemur macaco,8232,219,5.32263853827572
Eulemur macaco,776,218,79.430129254603
Eulemur macaco,8251,218,91.0064775499647
Eulemur macaco,8256,218,0.184072254174531
Eulemur macaco,8259,218,0.184041877538681
Eulemur macaco,8252,220,10.4840868931254
Eulemur macaco,8253,221,55.0491062707695
Eulemur mongoz,252,34,13.59604583101
Eulemur mongoz,253,34,0.729973824636698
Eulemur rubriventer,23543,717,13.59604583101
Eulemur rubriventer,23602,717,0.729973824636698
Eulemur rubriventer,23381,726,8.60210850946224
Eulemur rubriventer,23526,797,5.32263853827572
Eulemur rubriventer,6059,780,79.430129254603
Eulemur rubriventer,23594,780,91.0064775499647
Eulemur rubriventer,23605,780,0.184072254174531
Eulemur rubriventer,23608,780,0.184041877538681
Eulemur rubriventer,23595,798,10.4840868931254
Eulemur rubriventer,23600,799,25.9222058385802
Eulemur rubriventer,23601,800,55.0491062707695
Eulemur rubriventer,23561,796,68.1560766921931
Eulemur rufus,380,21,26.0545707097365
Eulemur rufus,458,355,84.0122873548375
Eulemur rufus,13904,355,0.184072254174531
Eulemur rufus,13896,513,10.4840868931254
Eulemur rufus,13901,514,12.9611063527919
Eulemur rufus,2547,478,13.59604583101
Eulemur rufus,13905,478,0.729973824636698
Eulemur rufus,384,511,26.9693963549129
Eulemur rufus,13731,512,11.9697989235625
Eulemur sanfordi,32223,761,8.60210850946224
Eulemur sanfordi,7337,776,13.59604583101
Eulemur sanfordi,32455,776,0.729973824636698
Eulemur sanfordi,10975,834,79.430129254603
Eulemur sanfordi,32448,834,91.0064775499647
Eulemur sanfordi,32459,834,0.184072254174531
Eulemur sanfordi,32462,834,0.184041877538681
Eulemur sanfordi,32449,852,10.4840868931254
Eulemur sanfordi,32454,853,25.9222058385802
Eulemur sanfordi,32456,854,55.0491062707695
Eulemur sanfordi,32411,849,68.1560766921931
Eulemur sanfordi,23037,851,28.8566036373596
Falculea palliata,2205,28,28.8566036373596
Foudia madagascariensis,42073,196,8.60210850946224
Foudia madagascariensis,42270,196,5.32263853827572
Foudia madagascariensis,10747,225,13.59604583101
Foudia madagascariensis,42396,225,0.729973824636698
Foudia madagascariensis,42240,227,5.12793193025422
Foudia madagascariensis,42395,227,1.30422330493271
Foudia madagascariensis,42404,227,0.695687816312313
Foudia madagascariensis,42407,227,0.347781496603847
Foudia madagascariensis,42308,228,68.1560766921931
Foudia madagascariensis,13853,229,79.430129254603
Foudia madagascariensis,42362,229,91.0064775499647
Foudia madagascariensis,42363,229,10.4840868931254
Foudia madagascariensis,42368,229,25.9222058385802
Foudia madagascariensis,42397,229,55.0491062707695
Foudia madagascariensis,42398,229,2.48540128049296
Foudia madagascariensis,42400,229,0.184072254174531
Foudia madagascariensis,42403,229,0.184041877538681
Foudia madagascariensis,26786,231,28.8566036373596
Foudia omissa,8243,32,8.60210850946224
Foudia omissa,8308,32,5.32263853827572
Foudia omissa,879,46,91.0064775499647
Foudia omissa,8333,46,79.430129254603
Foudia omissa,8334,46,10.4840868931254
Foudia omissa,8339,46,25.9222058385802
Foudia omissa,8340,46,2.48540128049296
Foudia omissa,8342,46,0.184072254174531
Foudia omissa,8345,46,0.184041877538681
Foudia omissa,8346,46,55.0491062707695
Foudia omissa,8315,53,68.1560766921931
Gactornis enarratus,197,17,91.0064775499647
Gactornis enarratus,2025,17,68.1560766921931
Gactornis enarratus,2047,17,79.430129254603
Gactornis enarratus,2048,17,10.4840868931254
Gactornis enarratus,2053,17,25.9222058385802
Gactornis enarratus,2054,17,2.48540128049296
Gactornis enarratus,2060,17,55.0491062707695
Geobiastes squamiger,8,1,55.0491062707695
Geobiastes squamiger,9,1,17.1134402502368
Geobiastes squamiger,11,1,2.57499722766394
Geobiastes squamiger,436,1,26.9693963549129
Geogale aurita,2020,361,28.8566036373596
Geogale aurita,3794,901,5.12793193025422
Geogale aurita,608,911,28.8043357548875
Geogale aurita,4447,944,17.1134402502368
Geogale aurita,4453,945,27.3374724883343
Geogale aurita,4454,946,25.1232604113562
Geogale aurita,4369,919,13.59604583101
Geogale aurita,601,939,7.90908966546149
Geogale aurita,4452,943,12.9611063527919
Gymnuromys roberti,56,12,55.0491062707695
Gymnuromys roberti,3683,271,52.092656766269
Gymnuromys roberti,3642,240,8.60210850946224
Gymnuromys roberti,3676,272,5.32263853827572
Gymnuromys roberti,407,265,83.3680282856753
Gymnuromys roberti,3684,265,0.0920355652713776
Gymnuromys roberti,3677,267,10.4840868931254
Gymnuromys roberti,3682,270,25.9222058385802
Hapalemur aureus,412,20,8.60210850946224
Hapalemur griseus,5724,573,13.59604583101
Hapalemur griseus,19658,573,0.729973824636698
Hapalemur griseus,7236,623,79.430129254603
Hapalemur griseus,19651,623,91.0064775499647
Hapalemur griseus,19662,623,0.184072254174531
Hapalemur griseus,19665,623,0.184041877538681
Hapalemur griseus,19652,643,10.4840868931254
Hapalemur griseus,19657,644,25.9222058385802
Hapalemur griseus,19659,645,55.0491062707695
Hapalemur griseus,19610,642,68.1560766921931
Hapalemur occidentalis,4,3,26.0545707097365
Hapalemur occidentalis,5,4,25.1232604113562
Hartertula flavoviridis,51,8,26.0545707097365
Hartertula flavoviridis,54,9,12.9610994857883
Hartertula flavoviridis,55,10,68.1560766921931
Hartertula flavoviridis,53,65,45.0887015448408
Hartertula flavoviridis,56,65,2.48540128049296
Hartertula flavoviridis,58,65,0.184072254174531
Hartlaubius auratus,31803,91,8.60210850946224
Hartlaubius auratus,31952,91,5.32263853827572
Hartlaubius auratus,23045,96,28.8566036373596
Hartlaubius auratus,10819,102,79.430129254603
Hartlaubius auratus,31982,102,68.1560766921931
Hartlaubius auratus,32026,102,91.0064775499647
Hartlaubius auratus,32027,102,10.4840868931254
Hartlaubius auratus,32032,102,25.9222058385802
Hartlaubius auratus,32034,102,55.0491062707695
Hartlaubius auratus,32035,102,2.48540128049296
Hartlaubius auratus,32037,102,0.184072254174531
Hartlaubius auratus,32040,102,0.184041877538681
Hartlaubius auratus,7946,111,13.59604583101
Hartlaubius auratus,32033,111,0.729973824636698
Hemicentetes semispinosus,14266,345,8.60210850946224
Hemicentetes semispinosus,3070,409,79.430129254603
Hemicentetes semispinosus,14444,433,91.0064775499647
Hemicentetes semispinosus,14454,433,0.184072254174531
Hemicentetes semispinosus,14457,433,0.184041877538681
Hemicentetes semispinosus,14445,434,10.4840868931254
Hemicentetes semispinosus,14450,435,25.9222058385802
Hemicentetes semispinosus,14451,436,55.0491062707695
Hemicentetes semispinosus,14411,432,68.1560766921931
Hypogeomys antimena,10,3,11.9697989235625
Hypositta corallirostris,8758,39,8.60210850946224
Hypositta corallirostris,8874,39,5.32263853827572
Hypositta corallirostris,8897,63,68.1560766921931
Hypositta corallirostris,1284,64,79.430129254603
Hypositta corallirostris,8930,64,91.0064775499647
Hypositta corallirostris,8931,64,10.4840868931254
Hypositta corallirostris,8936,64,25.9222058385802
Hypositta corallirostris,8937,64,55.0491062707695
Hypositta corallirostris,8938,64,2.48540128049296
Indri indri,471,55,79.430129254603
Indri indri,2773,55,91.0064775499647
Indri indri,2781,55,2.48540128049296
Indri indri,2745,68,68.1560766921931
Lemur catta,14580,446,5.12793193025422
Lepidopygia nana,31282,342,28.8566036373596
Lepidopygia nana,45135,352,8.60210850946224
Lepidopygia nana,45341,352,5.32263853827572
Lepidopygia nana,13675,393,13.59604583101
Lepidopygia nana,45457,393,0.729973824636698
Lepidopygia nana,14804,398,79.430129254603
Lepidopygia nana,45450,398,91.0064775499647
Lepidopygia nana,45458,398,55.0491062707695
Lepidopygia nana,45459,398,2.48540128049296
Lepidopygia nana,45461,398,0.184072254174531
Lepidopygia nana,45464,398,0.184041877538681
Lepidopygia nana,45451,400,10.4840868931254
Lepidopygia nana,45456,401,25.9222058385802
Lepidopygia nana,45379,399,68.1560766921931
Lepilemur edwardsi,1771,150,13.59604583101
Lepilemur edwardsi,1772,150,0.729973824636698
Lepilemur leucopus,73,166,28.8566036373596
Lepilemur microdon,74,49,28.8043357548875
Lepilemur microdon,76,49,17.1134402502368
Lepilemur microdon,857,50,27.3374724883343
Lepilemur mustelinus,10644,542,16.8868047137971
Lepilemur mustelinus,3268,698,79.430129254603
Lepilemur mustelinus,18490,713,91.0064775499647
Lepilemur mustelinus,18500,713,0.184072254174531
Lepilemur mustelinus,18503,713,0.184041877538681
Lepilemur mustelinus,18491,714,10.4840868931254
Lepilemur mustelinus,18496,715,25.9222058385802
Lepilemur mustelinus,18497,716,55.0491062707695
Lepilemur mustelinus,18468,712,68.1560766921931
Lepilemur ruficaudatus,4125,326,28.8566036373596
Leptopterus chabert,7199,134,13.59604583101
Leptopterus chabert,27370,134,0.729973824636698
Leptopterus chabert,27097,149,8.60210850946224
Leptopterus chabert,27264,149,5.32263853827572
Leptopterus chabert,27307,176,68.1560766921931
Leptopterus chabert,9347,177,79.430129254603
Leptopterus chabert,27363,177,91.0064775499647
Leptopterus chabert,27364,177,10.4840868931254
Leptopterus chabert,27369,177,25.9222058385802
Leptopterus chabert,27371,177,55.0491062707695
Leptopterus chabert,27372,177,2.48540128049296
Leptopterus chabert,17779,179,28.8566036373596
Lophotibis cristata,520,7,79.430129254603
Lophotibis cristata,1831,7,68.1560766921931
Lophotibis cristata,1863,7,91.0064775499647
Lophotibis cristata,1864,7,10.4840868931254
Lophotibis cristata,1869,7,25.9222058385802
Lophotibis cristata,1870,7,55.0491062707695
Macrotarsomys bastardi,494,290,28.8566036373596
Margaroperdix madagarensis,7477,29,28.8566036373596
Margaroperdix madagarensis,3305,30,79.430129254603
Margaroperdix madagarensis,13345,30,68.1560766921931
Margaroperdix madagarensis,13393,30,91.0064775499647
Margaroperdix madagarensis,13394,30,10.4840868931254
Margaroperdix madagarensis,13399,30,25.9222058385802
Margaroperdix madagarensis,13400,30,55.0491062707695
Margaroperdix madagarensis,13401,30,2.48540128049296
Mentocrex kioloides,62,1,91.0064775499647
Mentocrex kioloides,731,1,68.1560766921931
Mentocrex kioloides,751,1,55.0491062707695
Mentocrex kioloides,752,1,10.4840868931254
Mentocrex kioloides,757,1,25.9222058385802
Mentocrex kioloides,758,1,2.48540128049296
Mentocrex kioloides,764,1,52.092656766269
Microcebus griseorufus,10,3,5.12793193025422
Microcebus murinus,21755,2463,28.8566036373596
Microcebus murinus,33831,2510,5.12793193025422
Microcebus murinus,33930,2608,27.3374724883343
Microcebus murinus,33931,2617,6.99419019512749
Microcebus murinus,33971,2617,0.0920220651561618
Microcebus murinus,33972,2617,0.0920220651561618
Microcebus murinus,33973,2617,0.184041877538681
Microcebus murinus,8472,2616,13.59604583101
Microcebus murinus,33970,2616,0.729973824636698
Microcebus ravelobensis,46,10,13.59604583101
Microcebus ravelobensis,47,10,0.729973824636698
Microcebus rufus,10357,1461,8.60210850946224
Microcebus rufus,10478,1723,5.32263853827572
Microcebus rufus,2564,1692,79.430129254603
Microcebus rufus,10534,1724,91.0064775499647
Microcebus rufus,10544,1724,0.184072254174531
Microcebus rufus,10541,1725,55.0491062707695
Microcebus rufus,10501,1696,68.1560766921931
Microcebus rufus,10535,1716,10.4840868931254
Microcebus rufus,10540,1722,25.9222058385802
Microgale brevicaudata,1880,1003,13.59604583101
Microgale brevicaudata,443,1033,25.1232604113562
Microgale brevicaudata,5812,1037,72.5130956069181
Microgale brevicaudata,5837,1037,0.184072254174531
Microgale brevicaudata,5833,1038,27.3374724883343
Microgale brevicaudata,511,1036,7.90908966546149
Microgale cowani,13082,916,8.60210850946224
Microgale cowani,13183,989,5.32263853827572
Microgale cowani,2930,971,79.430129254603
Microgale cowani,13218,990,91.0064775499647
Microgale cowani,13228,990,0.184072254174531
Microgale cowani,13229,990,0.0920220651561618
Microgale cowani,13230,990,0.0920220651561618
Microgale cowani,13231,990,0.184041877538681
Microgale cowani,13225,991,55.0491062707695
Microgale cowani,13206,975,68.1560766921931
Microgale cowani,13219,982,10.4840868931254
Microgale cowani,13224,988,25.9222058385802
Microgale drouhardi,172,22,79.430129254603
Microgale drouhardi,2571,392,91.0064775499647
Microgale drouhardi,2579,392,0.184072254174531
Microgale drouhardi,2576,393,55.0491062707695
Microgale drouhardi,2525,361,8.60210850946224
Microgale drouhardi,2570,394,5.32263853827572
Microgale drouhardi,2560,387,68.1560766921931
Microgale drouhardi,2572,388,10.4840868931254
Microgale drouhardi,2575,391,25.9222058385802
Microgale dryas,9,4,12.9610994857883
Microgale dryas,11,6,68.1560766921931
Microgale fotsifotsy,3178,422,8.60210850946224
Microgale fotsifotsy,3216,533,5.32263853827572
Microgale fotsifotsy,3206,517,40.0466211771359
Microgale fotsifotsy,296,524,79.430129254603
Microgale fotsifotsy,3239,534,55.0491062707695
Microgale fotsifotsy,3232,528,84.0122873548375
Microgale fotsifotsy,3242,528,0.184072254174531
Microgale fotsifotsy,3233,529,10.4840868931254
Microgale fotsifotsy,3238,532,25.9222058385802
Microgale gracilis,26,5,79.430129254603
Microgale gracilis,1356,182,89.9022522022396
Microgale gracilis,1364,182,0.184072254174531
Microgale gracilis,1361,183,55.0491062707695
Microgale gracilis,1346,165,8.60210850946224
Microgale gracilis,1355,184,5.32263853827572
Microgale gracilis,1357,179,10.4840868931254
Microgale gracilis,1360,181,12.9611063527919
Microgale gymnorhyncha,92,6,10.4840868931254
Microgale gymnorhyncha,37,7,55.0491062707695
Microgale gymnorhyncha,3330,190,26.9693963549129
Microgale gymnorhyncha,3304,180,8.60210850946224
Microgale gymnorhyncha,3323,191,5.32263853827572
Microgale gymnorhyncha,3324,185,44.4444424756786
Microgale gymnorhyncha,3331,185,0.0920355652713776
Microgale gymnorhyncha,3329,189,25.9222058385802
Microgale longicaudata,7839,1274,8.60210850946224
Microgale longicaudata,7952,1363,5.32263853827572
Microgale longicaudata,2218,1336,79.430129254603
Microgale longicaudata,8002,1364,91.0064775499647
Microgale longicaudata,8012,1364,0.184072254174531
Microgale longicaudata,8009,1365,55.0491062707695
Microgale longicaudata,7982,1340,68.1560766921931
Microgale longicaudata,8003,1356,10.4840868931254
Microgale longicaudata,8008,1362,25.9222058385802
Microgale mergulus,10,2,27.3374724883343
Microgale mergulus,12,74,28.8043357548875
Microgale mergulus,1415,74,0.184041877538681
Microgale mergulus,17,75,17.1134402502368
Microgale mergulus,19,4,10.4840868931254
Microgale mergulus,1412,73,12.9610994857883
Microgale parvula,7837,1359,8.60210850946224
Microgale parvula,7959,1561,5.32263853827572
Microgale parvula,2119,1526,79.430129254603
Microgale parvula,8019,1562,91.0064775499647
Microgale parvula,8029,1562,0.184072254174531
Microgale parvula,8026,1563,55.0491062707695
Microgale parvula,8027,1564,2.48540128049296
Microgale parvula,7982,1530,68.1560766921931
Microgale parvula,8020,1554,10.4840868931254
Microgale parvula,8025,1560,25.9222058385802
Microgale principula,5012,636,8.60210850946224
Microgale principula,5126,772,5.32263853827572
Microgale principula,794,755,79.430129254603
Microgale principula,5152,773,91.0064775499647
Microgale principula,5162,773,0.184072254174531
Microgale principula,5159,774,55.0491062707695
Microgale principula,5144,758,68.1560766921931
Microgale principula,5153,765,10.4840868931254
Microgale principula,5158,771,25.9222058385802
Microgale pusilla,2432,525,28.1094555150577
Microgale pusilla,263,521,79.430129254603
Microgale pusilla,2444,534,91.0064775499647
Microgale pusilla,2454,534,0.184072254174531
Microgale pusilla,2451,535,55.0491062707695
Microgale pusilla,2452,536,2.48540128049296
Microgale pusilla,2445,529,10.4840868931254
Microgale pusilla,2450,533,25.9222058385802
Microgale soricoides,260,4,10.4840868931254
Microgale soricoides,58,6,55.0491062707695
Microgale soricoides,4039,224,52.092656766269
Microgale soricoides,3992,214,8.60210850946224
Microgale soricoides,4032,225,5.32263853827572
Microgale soricoides,4033,219,61.5578827259152
Microgale soricoides,4040,219,0.0920355652713776
Microgale soricoides,4038,223,25.9222058385802
Microgale taiva,3603,372,8.60210850946224
Microgale taiva,3689,453,5.32263853827572
Microgale taiva,663,439,79.430129254603
Microgale taiva,3710,454,91.0064775499647
Microgale taiva,3720,454,0.184072254174531
Microgale taiva,3717,455,55.0491062707695
Microgale taiva,3707,443,68.1560766921931
Microgale taiva,3711,446,10.4840868931254
Microgale taiva,3716,452,25.9222058385802
Microgale thomasi,66,17,55.0491062707695
Microgale thomasi,1366,193,52.092656766269
Microgale thomasi,1306,159,8.60210850946224
Microgale thomasi,1348,194,5.32263853827572
Microgale thomasi,1362,188,68.1560766921931
Microgale thomasi,1364,189,10.4840868931254
Microgale thomasi,140,190,82.2638029379502
Microgale thomasi,1365,192,25.9222058385802
Mirza coquereli,209,55,28.8566036373596
Monticola sharpei,33603,108,8.60210850946224
Monticola sharpei,33723,108,5.32263853827572
Monticola sharpei,6455,122,79.430129254603
Monticola sharpei,33787,122,91.0064775499647
Monticola sharpei,33788,122,10.4840868931254
Monticola sharpei,33793,122,25.9222058385802
Monticola sharpei,33794,122,55.0491062707695
Monticola sharpei,33795,122,2.48540128049296
Monticola sharpei,33797,122,0.184072254174531
Monticola sharpei,33800,122,0.184041877538681
Monticola sharpei,33746,129,68.1560766921931
Mystacornis crossleyi,5333,11,8.60210850946224
Mystacornis crossleyi,5395,11,5.32263853827572
Mystacornis crossleyi,398,19,91.0064775499647
Mystacornis crossleyi,5429,19,79.430129254603
Mystacornis crossleyi,5430,19,10.4840868931254
Mystacornis crossleyi,5435,19,25.9222058385802
Mystacornis crossleyi,5436,19,2.48540128049296
Mystacornis crossleyi,5442,19,55.0491062707695
Mystacornis crossleyi,5405,26,68.1560766921931
Neodrepanis coruscans,279,1,91.0064775499647
Neodrepanis coruscans,4754,1,2.48540128049296
Neodrepanis coruscans,4755,1,0.0920423038831353
Neodrepanis coruscans,4756,1,0.184072254174531
Neodrepanis coruscans,4757,1,0.0920220651561618
Neodrepanis coruscans,4758,1,0.0920220651561618
Neodrepanis coruscans,4759,1,0.184041877538681
Neodrepanis coruscans,4747,51,55.0491062707695
Neodrepanis coruscans,4760,51,52.092656766269
Neodrepanis coruscans,4748,52,10.4840868931254
Neodrepanis coruscans,4753,53,25.9222058385802
Neodrepanis coruscans,4703,39,8.60210850946224
Neodrepanis coruscans,4738,39,5.32263853827572
Neodrepanis coruscans,4745,50,68.1560766921931
Neodrepanis hypoxantha,1,1,12.9611063527919
Neomixis striatigula,11054,89,8.60210850946224
Neomixis striatigula,11161,89,5.32263853827572
Neomixis striatigula,1593,115,79.430129254603
Neomixis striatigula,11213,115,91.0064775499647
Neomixis striatigula,11220,115,55.0491062707695
Neomixis striatigula,11221,115,2.48540128049296
Neomixis striatigula,11223,115,0.184072254174531
Neomixis striatigula,11226,115,0.184041877538681
Neomixis striatigula,11214,117,10.4840868931254
Neomixis striatigula,11219,118,25.9222058385802
Neomixis striatigula,11181,116,68.1560766921931
Neomixis tenella,9191,16,13.59604583101
Neomixis tenella,42857,16,0.729973824636698
Neomixis tenella,42456,287,5.32263853827572
Neomixis tenella,12780,346,79.430129254603
Neomixis tenella,42850,346,91.0064775499647
Neomixis tenella,42858,346,55.0491062707695
Neomixis tenella,42859,346,2.48540128049296
Neomixis tenella,42860,346,0.0920423038831353
Neomixis tenella,42861,346,0.184072254174531
Neomixis tenella,42862,346,0.0920220651561618
Neomixis tenella,42863,346,0.0920220651561618
Neomixis tenella,42864,346,0.184041877538681
Neomixis tenella,42851,350,10.4840868931254
Neomixis tenella,42856,351,25.9222058385802
Neomixis tenella,42799,347,68.1560766921931
Neomixis tenella,27231,349,28.8566036373596
Neomixis viridis,8348,83,8.60210850946224
Neomixis viridis,8450,83,5.32263853827572
Neomixis viridis,1251,100,91.0064775499647
Neomixis viridis,8499,100,79.430129254603
Neomixis viridis,8506,100,2.48540128049296
Neomixis viridis,8508,100,0.184072254174531
Neomixis viridis,8511,100,0.184041877538681
Neomixis viridis,8512,100,55.0491062707695
Neomixis viridis,8500,102,10.4840868931254
Neomixis viridis,8505,103,25.9222058385802
Neomixis viridis,8469,101,68.1560766921931
Nesogale dobsoni,10552,679,8.60210850946224
Nesogale dobsoni,2516,753,79.430129254603
Nesogale dobsoni,10716,769,91.0064775499647
Nesogale dobsoni,10726,769,0.184072254174531
Nesogale dobsoni,10723,770,55.0491062707695
Nesogale dobsoni,10691,756,68.1560766921931
Nesogale dobsoni,10717,762,10.4840868931254
Nesogale dobsoni,10722,768,25.9222058385802
Nesogale talazaci,9859,461,8.60210850946224
Nesogale talazaci,2028,529,79.430129254603
Nesogale talazaci,10031,557,91.0064775499647
Nesogale talazaci,10041,557,0.184072254174531
Nesogale talazaci,10038,558,55.0491062707695
Nesogale talazaci,10005,532,68.1560766921931
Nesogale talazaci,10032,550,10.4840868931254
Nesogale talazaci,10037,556,25.9222058385802
Nesomys audeberti,1563,135,28.1094555150577
Nesomys audeberti,104,13,79.430129254603
Nesomys audeberti,1565,140,6.99419019512749
Nesomys audeberti,1567,140,0.0920220651561618
Nesomys audeberti,1568,140,0.0920220651561618
Nesomys audeberti,1569,140,0.184041877538681
Nesomys audeberti,105,15,25.9222058385802
Nesomys audeberti,1566,139,7.90908966546149
Nesomys rufus,10810,461,8.60210850946224
Nesomys rufus,10906,522,5.32263853827572
Nesomys rufus,1707,510,91.0064775499647
Nesomys rufus,10944,510,0.184072254174531
Nesomys rufus,10945,510,0.0920220651561618
Nesomys rufus,10946,510,0.0920220651561618
Nesomys rufus,10947,510,0.184041877538681
Nesomys rufus,10935,523,79.430129254603
Nesomys rufus,10948,524,55.0491062707695
Nesomys rufus,10921,512,68.1560766921931
Nesomys rufus,10936,515,10.4840868931254
Nesomys rufus,10941,521,25.9222058385802
Newtonia amphichroa,4008,40,8.60210850946224
Newtonia amphichroa,4072,40,5.32263853827572
Newtonia amphichroa,318,58,68.1560766921931
Newtonia amphichroa,4046,59,91.0064775499647
Newtonia amphichroa,4091,59,79.430129254603
Newtonia amphichroa,4092,59,10.4840868931254
Newtonia amphichroa,4098,59,2.48540128049296
Newtonia amphichroa,4104,59,55.0491062707695
Newtonia amphichroa,4097,60,25.9222058385802
Newtonia brunneicauda,41243,265,8.60210850946224
Newtonia brunneicauda,41422,265,5.32263853827572
Newtonia brunneicauda,8944,296,13.59604583101
Newtonia brunneicauda,41517,296,0.729973824636698
Newtonia brunneicauda,13658,300,79.430129254603
Newtonia brunneicauda,41510,300,91.0064775499647
Newtonia brunneicauda,41511,300,10.4840868931254
Newtonia brunneicauda,41518,300,55.0491062707695
Newtonia brunneicauda,41519,300,2.48540128049296
Newtonia brunneicauda,41521,300,0.184072254174531
Newtonia brunneicauda,41524,300,0.184041877538681
Newtonia brunneicauda,41516,302,25.9222058385802
Newtonia brunneicauda,41456,301,68.1560766921931
Oriolia bernieri,21,3,55.0491062707695
Oriolia bernieri,23,3,44.4444424756786
Oriolia bernieri,37,3,48.134747195836
Oriolia bernieri,2195,3,2.57499722766394
Oriolia bernieri,2196,3,12.9610994857883
Oriolia bernieri,2197,3,52.092656766269
Oryzorictes hova,8996,545,8.60210850946224
Oryzorictes hova,1894,617,79.430129254603
Oryzorictes hova,9160,632,91.0064775499647
Oryzorictes hova,9170,632,0.184072254174531
Oryzorictes hova,9167,633,55.0491062707695
Oryzorictes hova,9136,620,68.1560766921931
Oryzorictes hova,9161,625,10.4840868931254
Oryzorictes hova,9166,631,25.9222058385802
Oryzorictes tetradactylus,197,29,27.3374724883271
Oryzorictes tetradactylus,200,31,21.81014555976
Oryzorictes tetradactylus,244,212,7.90908966546149
Otus rutilus,2069,14,79.430129254603
Otus rutilus,6555,14,68.1560766921931
Otus rutilus,6594,14,91.0064775499647
Otus rutilus,6595,14,10.4840868931254
Otus rutilus,6600,14,25.9222058385802
Otus rutilus,6601,14,55.0491062707695
Otus rutilus,6602,14,2.48540128049296
Oxylabes madagascariensis,6588,34,8.60210850946224
Oxylabes madagascariensis,6653,34,5.32263853827572
Oxylabes madagascariensis,950,47,91.0064775499647
Oxylabes madagascariensis,6692,47,79.430129254603
Oxylabes madagascariensis,6693,47,10.4840868931254
Oxylabes madagascariensis,6698,47,25.9222058385802
Oxylabes madagascariensis,6699,47,2.48540128049296
Oxylabes madagascariensis,6705,47,55.0491062707695
Oxylabes madagascariensis,6663,56,68.1560766921931
Phaner pallescens,456,54,28.8566036373596
Philepitta castanea,4609,13,8.60210850946224
Philepitta castanea,4654,13,5.32263853827572
Philepitta castanea,651,21,79.430129254603
Philepitta castanea,4676,21,91.0064775499647
Philepitta castanea,4677,21,10.4840868931254
Philepitta castanea,4682,21,25.9222058385802
Philepitta castanea,4683,21,55.0491062707695
Philepitta castanea,4684,21,2.48540128049296
Philepitta castanea,4686,21,0.184072254174531
Philepitta castanea,4689,21,0.184041877538681
Philepitta castanea,4669,22,68.1560766921931
Philepitta schlegeli,263,25,13.59604583101
Philepitta schlegeli,1640,25,0.729973824636698
Philepitta schlegeli,1639,26,16.8868047137971
Ploceus nelicourvi,8950,31,8.60210850946224
Ploceus nelicourvi,9064,31,5.32263853827572
Ploceus nelicourvi,1257,44,91.0064775499647
Ploceus nelicourvi,9108,44,79.430129254603
Ploceus nelicourvi,9109,44,10.4840868931254
Ploceus nelicourvi,9114,44,25.9222058385802
Ploceus nelicourvi,9115,44,2.48540128049296
Ploceus nelicourvi,9121,44,55.0491062707695
Ploceus nelicourvi,9077,52,68.1560766921931
Ploceus sakalava,9413,112,28.8566036373596
Ploceus sakalava,3576,117,13.59604583101
Ploceus sakalava,9414,117,0.729973824636698
Pseudobias wardi,4399,45,8.60210850946224
Pseudobias wardi,4443,45,5.32263853827572
Pseudobias wardi,365,60,91.0064775499647
Pseudobias wardi,4477,60,79.430129254603
Pseudobias wardi,4478,60,10.4840868931254
Pseudobias wardi,4484,60,2.48540128049296
Pseudobias wardi,4490,60,55.0491062707695
Pseudobias wardi,4483,62,25.9222058385802
Pseudobias wardi,4460,61,68.1560766921931
Rallus madagascariensis,29,10,79.430129254603
Rallus madagascariensis,31,10,6.99419019512749
Rallus madagascariensis,32,10,62.2021417950774
Rallus madagascariensis,467,10,10.4840868931254
Rallus madagascariensis,468,10,55.0491062707695
Rallus madagascariensis,472,10,2.48540128049296
Randia pseudozosterops,1607,21,79.430129254603
Randia pseudozosterops,9984,21,91.0064775499647
Randia pseudozosterops,9985,21,10.4840868931254
Randia pseudozosterops,9991,21,55.0491062707695
Randia pseudozosterops,9992,21,2.48540128049296
Randia pseudozosterops,9994,21,0.184072254174531
Randia pseudozosterops,9997,21,0.184041877538681
Randia pseudozosterops,9990,65,25.9222058385802
Randia pseudozosterops,9908,52,8.60210850946224
Randia pseudozosterops,9960,52,5.32263853827572
Randia pseudozosterops,9974,64,68.1560766921931
Sarothrura insularis,824,34,79.430129254603
Sarothrura insularis,5416,34,91.0064775499647
Sarothrura insularis,5417,34,10.4840868931254
Sarothrura insularis,5422,34,25.9222058385802
Sarothrura insularis,5423,34,55.0491062707695
Sarothrura insularis,5424,34,2.48540128049296
Sarothrura insularis,5379,35,68.1560766921931
Schetba rufa,1012,5,13.59604583101
Schetba rufa,6528,5,0.729973824636698
Schetba rufa,967,53,73.6173209546431
Schetba rufa,6493,53,25.9222058385802
Schetba rufa,6497,53,68.1560766921931
Schetba rufa,6511,53,26.0545707097365
Schetba rufa,6512,53,79.430129254603
Schetba rufa,6521,53,7.90908966546149
Schetba rufa,6522,53,2.48540128049296
Schetba rufa,3344,57,11.9697989235625
Schetba rufa,6351,57,4.91430146239412
Setifer setosus,4775,589,13.59604583101
Setifer setosus,22244,589,0.729973824636698
Setifer setosus,6073,663,79.430129254603
Setifer setosus,22237,663,91.0064775499647
Setifer setosus,22243,688,25.9222058385802
Setifer setosus,22245,689,55.0491062707695
Setifer setosus,22186,684,68.1560766921931
Setifer setosus,13269,687,28.8566036373596
Tenrec ecaudatus,8194,484,79.430129254603
Tenrec ecaudatus,23821,484,91.0064775499647
Tenrec ecaudatus,23829,484,2.48540128049296
Tenrec ecaudatus,23827,506,25.9222058385802
Tenrec ecaudatus,23828,507,55.0491062707695
Tenrec ecaudatus,16027,504,28.8566036373596
Tenrec ecaudatus,23773,505,68.1560766921931
Treron australis,2498,13,79.430129254603
Treron australis,8807,13,68.1560766921931
Treron australis,8863,13,91.0064775499647
Treron australis,8864,13,10.4840868931254
Treron australis,8869,13,25.9222058385802
Treron australis,8870,13,55.0491062707695
Treron australis,8871,13,2.48540128049296
Turnix nigricollis,1475,46,79.430129254603
Turnix nigricollis,10285,46,68.1560766921931
Turnix nigricollis,10309,46,91.0064775499647
Turnix nigricollis,10310,46,10.4840868931254
Turnix nigricollis,10315,46,25.9222058385802
Turnix nigricollis,10316,46,55.0491062707695
Turnix nigricollis,10317,46,2.48540128049296
Tylas eduardi,1006,25,79.430129254603
Tylas eduardi,7063,25,68.1560766921931
Tylas eduardi,7100,25,91.0064775499647
Tylas eduardi,7101,25,10.4840868931254
Tylas eduardi,7106,25,25.9222058385802
Tylas eduardi,7107,25,55.0491062707695
Tylas eduardi,7108,25,2.48540128049296
Vanga curvirostris,5481,50,13.59604583101
Vanga curvirostris,20992,50,0.729973824636698
Vanga curvirostris,20709,68,8.60210850946224
Vanga curvirostris,20903,68,5.32263853827572
Vanga curvirostris,7116,76,79.430129254603
Vanga curvirostris,20937,76,68.1560766921931
Vanga curvirostris,20985,76,91.0064775499647
Vanga curvirostris,20986,76,10.4840868931254
Vanga curvirostris,20991,76,25.9222058385802
Vanga curvirostris,20993,76,55.0491062707695
Vanga curvirostris,20994,76,2.48540128049296
Vanga curvirostris,12656,85,28.8566036373596
Varecia rubra,2731,241,79.430129254603
Varecia rubra,13324,241,91.0064775499647
Varecia rubra,13330,263,25.9222058385802
Varecia rubra,13331,264,55.0491062707695
Varecia rubra,13284,262,68.1560766921931
Varecia variegata,2067,190,79.430129254603
Varecia variegata,10248,190,91.0064775499647
Varecia variegata,10254,211,25.9222058385802
Varecia variegata,10255,212,55.0491062707695
Varecia variegata,10211,210,68.1560766921931
Xanthomixis cinereiceps,21,3,55.0491062707695
Xanthomixis cinereiceps,1915,3,26.9693963549129
Xanthomixis cinereiceps,1881,32,8.60210850946224
Xanthomixis cinereiceps,1908,32,5.32263853827572
Xanthomixis cinereiceps,46,36,10.4840868931254
Xanthomixis cinereiceps,1909,36,44.4444424756786
Xanthomixis cinereiceps,1914,36,25.9222058385802
Xanthomixis zosterops,12864,71,8.60210850946224
Xanthomixis zosterops,12978,71,5.32263853827572
Xanthomixis zosterops,1987,86,79.430129254603
Xanthomixis zosterops,13022,86,91.0064775499647
Xanthomixis zosterops,13023,86,10.4840868931254
Xanthomixis zosterops,13029,86,55.0491062707695
Xanthomixis zosterops,13030,86,2.48540128049296
Xanthomixis zosterops,13032,86,0.184072254174531
Xanthomixis zosterops,13035,86,0.184041877538681
Xanthomixis zosterops,13028,97,25.9222058385802
Xanthomixis zosterops,12991,96,68.1560766921931
Xenopirostris polleni,49,23,21.81014555976
Xenopirostris polleni,50,23,25.1232604113562
Xenopirostris polleni,57,24,68.1560766921931
Xenopirostris polleni,2189,24,25.9222058385802
